date,mean_v
2023-03-02 14:31:24,8.10684931506849
2023-03-05 02:30:35,9.77205479452055
2023-03-05 02:30:55,9.07455968688845
2023-03-07 14:30:24,9.12994129158513
2023-03-07 14:30:36,9.26541095890411
2023-03-07 14:30:41,9.78082191780822
2023-03-09 14:19:49,9.80931506849315
2023-03-10 02:29:55,9.78657534246575
2023-03-10 02:30:10,9.69383561643836
2023-03-10 02:30:20,8.86575342465753
2023-03-10 14:13:38,9.68465753424658
2023-03-10 14:40:26,9.70246575342466
2023-03-12 14:29:14,9.79849315068493
2023-03-12 14:30:01,9.36506849315068
2023-03-12 14:30:24,8.7804794520548
2023-03-13 02:39:40,9.61187214611872
2023-03-13 02:39:45,9.46712328767123
2023-03-13 14:19:41,9.63561643835616
2023-03-14 14:13:42,9.62922374429224
2023-03-15 02:29:20,9.62328767123288
2023-03-15 02:29:30,9.39246575342466
2023-03-15 02:30:10,9.75616438356165
2023-03-15 14:38:59,9.74328767123288
2023-03-15 14:39:46,9.27671232876712
2023-03-17 14:19:43,9.41301369863014
2023-03-17 14:19:45,9.57013698630137
2023-03-17 14:28:49,9.32243150684931
2023-03-17 14:29:26,9.77593607305936
2023-03-17 14:30:24,8.41506849315069
2023-03-18 02:39:05,9.49558599695586
2023-03-18 02:39:25,9.35890410958904
2023-03-18 14:13:33,9.34486301369863
2023-03-18 14:13:35,9.85808219178082
2023-03-20 02:28:45,9.75744292237443
2023-03-20 02:28:55,9.49421613394216
2023-03-20 02:29:30,9.26105675146771
2023-03-20 02:30:20,8.3041095890411
2023-03-20 14:38:44,9.23698630136986
2023-03-20 14:39:11,9.77821917808219
2023-03-21 14:19:35,9.15772994129158
2023-03-21 14:19:47,9.55555555555556
2023-03-22 14:13:26,9.52176560121766
2023-03-22 14:13:37,9.22387475538161
2023-03-22 14:28:14,9.68424657534247
2023-03-22 14:28:49,9.18962818003914
2023-03-22 14:28:51,9.51811263318113
2023-03-23 02:38:25,9.37534246575343
2023-03-23 02:38:50,9.54459665144597
2023-03-25 02:28:10,9.72520547945205
2023-03-25 02:28:55,9.32876712328767
2023-03-25 02:29:30,9.31415525114155
2023-03-25 02:30:20,8.24931506849315
2023-03-25 14:19:39,9.68684931506849
2023-03-25 14:19:40,9.24474885844749
2023-03-25 14:38:04,9.55041095890411
2023-03-25 14:39:26,9.40156555772994
2023-03-26 14:13:26,9.41174168297456
2023-03-26 14:13:30,9.62643835616438
2023-03-27 14:28:14,9.4296803652968
2023-03-27 14:28:16,9.63698630136986
2023-03-27 14:28:49,9.42857142857143
2023-03-27 14:29:26,8.98561643835616
2023-03-28 02:38:45,9.33111545988258
2023-03-28 02:39:25,8.97123287671233
2023-03-29 14:19:30,9.57047184170472
2023-03-29 14:19:44,9.26731898238748
2023-03-30 02:28:20,9.67602739726027
2023-03-30 02:28:45,9.2786301369863
2023-03-30 02:28:55,9.33855185909981
2023-03-30 02:29:30,8.50821917808219
2023-03-30 14:13:19,9.3279843444227
2023-03-30 14:13:34,9.70213089802131
2023-03-30 14:38:44,9.25525114155251
2023-03-30 14:38:51,9.28336594911937
2023-04-01 14:27:49,9.62561643835616
2023-04-01 14:28:14,9.28454011741683
2023-04-01 14:28:49,8.51963470319635
2023-04-01 14:28:51,9.48454011741683
2023-04-01 14:29:26,8.62465753424658
2023-04-02 02:38:05,9.37945205479452
2023-04-02 02:38:50,9.39373776908023
2023-04-02 02:39:25,8.59315068493151
2023-04-02 14:19:33,9.57020547945206
2023-04-02 14:19:34,9.27671232876712
2023-04-02 14:19:36,9.24853228962818
2023-04-02 14:19:37,8.60684931506849
2023-04-03 14:13:23,9.47482876712329
2023-04-03 14:13:25,9.78986301369863
2023-04-03 14:13:27,9.36575342465753
2023-04-04 02:27:45,9.49923896499239
2023-04-04 02:28:10,9.39452054794521
2023-04-04 02:28:20,9.43424657534247
2023-04-04 02:28:45,8.63424657534247
2023-04-04 02:28:55,9.03082191780822
2023-04-04 14:38:04,9.27671232876712
2023-04-04 14:38:11,9.40376712328767
2023-04-04 14:38:44,9.06986301369863
2023-04-04 14:39:26,8.69315068493151
2023-04-06 14:19:26,9.37181996086106
2023-04-06 14:19:38,9.40171232876712
2023-04-06 14:19:40,9.09383561643836
2023-04-06 14:27:49,9.43904109589041
2023-04-06 14:28:14,9.51956947162427
2023-04-06 14:28:16,9.37358121330724
2023-04-06 14:28:51,9.1777397260274
2023-04-07 02:37:50,9.97972602739726
2023-04-07 02:38:10,9.54931506849315
2023-04-07 02:38:45,8.6958904109589
2023-04-07 02:38:50,9.12294520547945
2023-04-07 14:13:14,9.66118721461187
2023-04-07 14:13:16,9.21712328767123
2023-04-07 14:13:31,9.41448140900196
2023-04-09 02:27:45,9.66773211567732
2023-04-09 02:28:10,9.1486301369863
2023-04-09 02:28:20,9.45557729941292
2023-04-09 14:37:49,9.49041095890411
2023-04-09 14:38:04,9.30182648401827
2023-04-09 14:38:51,9.25205479452055
2023-04-09 14:39:26,8.74520547945206
2023-04-10 14:19:28,9.56404109589041
2023-04-10 14:19:29,9.82534246575342
2023-04-10 14:19:32,9.462100456621
2023-04-11 14:13:18,9.8572602739726
2023-04-11 14:13:20,9.46255707762557
2023-04-11 14:13:22,9.66780821917808
2023-04-11 14:27:41,9.55102739726027
2023-04-11 14:27:49,10.0426484018265
2023-04-11 14:28:16,9.5324200913242
2023-04-12 02:38:05,9.24109589041096
2023-04-12 02:38:10,9.6187866927593
2023-04-12 02:38:45,8.75616438356164
2023-04-14 02:27:45,9.99518011161847
2023-04-14 14:19:20,10.0514459665145
2023-04-14 14:19:34,9.61017612524462
2023-04-14 14:37:49,9.57808219178082
2023-04-14 14:38:11,9.57214611872146
2023-04-14 14:38:51,8.95205479452055
2023-04-15 14:13:11,9.63326810176125
2023-04-15 14:13:26,9.93424657534247
2023-04-16 14:27:41,9.68493150684932
2023-04-16 14:27:49,9.72602739726027
2023-04-17 02:37:50,9.7839530332681
2023-04-17 02:38:05,8.97808219178082
2023-04-18 14:19:25,10.1013698630137
2023-04-18 14:19:26,9.75499021526419
2023-04-19 02:27:45,9.94708904109589
2023-04-19 02:28:55,8.95890410958904
2023-04-19 14:13:15,10.3387671232877
2023-04-19 14:38:11,9.65662100456621
2023-04-21 14:27:49,10.5780821917808
2023-04-21 14:28:14,9.03013698630137
2023-04-22 02:37:50,10.3803652968037
2023-04-22 14:19:31,10.2557077625571
2023-04-23 14:13:04,10.179604261796
2023-04-24 02:27:45,10.2525114155251
2023-04-24 02:28:20,9.07945205479452
2023-04-24 14:37:49,10.5693150684932
2023-04-24 14:37:51,10.1438356164384
2023-04-26 14:19:21,10.8369863013699
2023-04-26 14:27:41,10.7238356164384
2023-04-26 14:27:49,9.25205479452055
2023-04-27 02:37:50,10.5226788432268
2023-04-27 14:13:12,10.7191780821918
2023-04-29 02:27:45,9.23287671232877
2023-04-29 14:37:51,10.2970645792564
2023-05-01 14:27:49,9.57899543378995
2023-05-02 02:37:50,11.0726940639269
2023-05-04 14:37:49,9.53150684931507
2023-05-06 14:27:49,10.2
2023-05-07 02:37:50,11.4087671232877
2023-05-08 14:19:17,9.70684931506849
2023-05-09 02:27:45,10.7426614481409
2023-05-09 14:13:13,9.66575342465754
2023-05-09 14:37:51,11.4897260273973
2023-05-11 14:27:49,9.74657534246575
2023-05-12 02:37:50,9.98493150684932
2023-05-12 14:19:22,9.64931506849315
2023-05-13 14:13:01,9.82328767123288
2023-05-14 02:27:45,10.9115459882583
2023-05-14 02:29:00,9.77945205479452
2023-05-14 14:37:49,9.91598173515982
2023-05-16 14:19:12,9.81232876712329
2023-05-16 14:19:19,9.55068493150685
2023-05-16 14:27:49,9.83287671232877
2023-05-16 14:28:56,9.87808219178082
2023-05-17 02:37:50,10.6868493150685
2023-05-17 14:13:04,9.85068493150685
2023-05-17 14:13:10,9.92146118721461
2023-05-19 02:27:45,10.6280821917808
2023-05-19 02:29:00,9.78904109589041
2023-05-19 14:37:49,10.6236301369863
2023-05-19 14:37:51,11.293542074364
2023-05-20 14:19:09,9.69315068493151
2023-05-20 14:19:18,10.5493150684932
2023-05-21 14:12:59,10.0045662100457
2023-05-21 14:13:12,9.96301369863014
2023-05-21 14:28:56,10.6746575342466
2023-05-22 02:37:50,10.8602739726027
2023-05-24 14:19:16,10.1178082191781
2023-05-24 14:37:49,10.1990867579909
2023-05-24 14:37:51,11.3005870841487
2023-05-25 14:13:01,10.1232876712329
2023-05-26 14:28:56,9.83561643835616
2023-05-27 02:37:50,11.4063274624918
2023-05-28 14:19:22,10.0328767123288
2023-05-29 02:27:45,10.0780821917808
2023-05-29 14:12:58,10.0616438356164
2023-05-29 14:37:49,9.8027397260274
2023-05-29 14:37:51,10.1607305936073
2023-05-31 14:27:49,12.1802130898021
2023-05-31 14:28:56,9.76438356164384
2023-06-01 02:37:50,10.2292237442922
2023-06-02 14:13:07,9.67397260273973
2023-06-03 02:29:00,11.6688356164384
2023-06-03 14:37:51,10.1666666666667
2023-06-06 02:37:50,10.175799086758
2023-06-08 02:29:00,11.9926484018265
2023-06-08 14:37:51,9.67397260273973
2023-06-10 14:27:49,11.3091976516634
2023-06-11 02:37:50,11.3005136986301
2023-06-13 02:29:00,11.3050228310502
2023-06-13 14:19:06,11.4116438356164
2023-06-13 14:37:49,12.0161643835616
2023-06-13 14:37:51,11.2462328767123
2023-06-13 14:38:56,9.69589041095891
2023-06-14 14:12:59,12.0657534246575
2023-06-15 14:27:49,11.1777397260274
2023-06-15 14:30:11,12.0464383561644
2023-06-16 02:37:50,11.053595890411
2023-06-17 14:19:12,10.9527397260274
2023-06-18 02:27:50,9.88858447488585
2023-06-18 02:29:00,11.0204337899543
2023-06-18 14:12:55,10.9732876712329
2023-06-18 14:37:49,10.9232876712329
2023-06-18 14:37:51,10.0821917808219
2023-06-20 14:27:49,10.6035225048924
2023-06-20 14:30:11,10.8323630136986
2023-06-21 02:37:50,10.6231735159817
2023-06-21 14:19:09,10.8660273972603
2023-06-21 14:19:12,10.4200913242009
2023-06-22 14:12:57,11.0377473363775
2023-06-22 14:13:04,10.2908675799087
2023-06-23 02:27:50,10.0021917808219
2023-06-23 02:29:00,10.8003424657534
2023-06-23 14:37:49,11.0602739726027
2023-06-23 14:38:56,10.036301369863
2023-06-25 14:19:09,10.3843444227006
2023-06-25 14:19:17,10.4594911937378
2023-06-25 14:29:01,10.4776908023483
2023-06-25 14:30:11,10.9252663622527
2023-06-26 02:37:50,10.3595129375951
2023-06-26 02:38:55,9.91780821917808
2023-06-26 14:13:03,10.3471624266145
2023-06-26 14:13:07,10.2270547945205
2023-06-28 02:27:50,8.71232876712329
2023-06-28 02:29:00,10.6060273972603
2023-06-28 14:37:49,10.222203196347
2023-06-28 14:37:51,10.5309589041096
2023-06-29 14:19:14,9.9518590998043
2023-06-29 14:19:15,10.7742465753425
2023-06-30 14:13:03,10.4013698630137
2023-06-30 14:13:05,9.93502935420744
2023-06-30 14:27:49,10.5406849315069
2023-06-30 14:29:01,10.058904109589
2023-07-01 02:37:50,10.0581430745814
2023-07-01 02:38:55,10.0710616438356
2023-07-03 02:27:50,10.2015220700152
2023-07-03 14:19:20,9.33333333333333
2023-07-03 14:19:21,9.96027397260274
2023-07-03 14:37:49,10.3616438356164
2023-07-03 14:37:51,8.38630136986301
2023-07-03 14:38:56,9.90513698630137
2023-07-04 14:13:01,9.80856164383562
2023-07-04 14:13:04,8.63470319634703
2023-07-05 14:27:49,8.32054794520548
2023-07-05 14:29:01,10.318904109589
2023-07-06 02:37:50,9.74586187214612
2023-07-06 02:38:55,10.1092846270928
2023-07-07 14:19:18,9.31369863013699
2023-07-07 14:19:19,8.34931506849315
2023-07-07 14:19:20,10.1680365296804
2023-07-08 02:27:50,10.2287671232877
2023-07-08 02:29:00,8.29452054794521
2023-07-08 14:13:07,9.0324200913242
2023-07-08 14:13:10,10.1893150684932
2023-07-08 14:13:11,8.19452054794521
2023-07-08 14:37:49,9.39965753424658
2023-07-08 14:37:51,9.16829745596869
2023-07-08 14:38:56,10.4
2023-07-10 14:27:49,10.7424657534247
2023-07-10 14:29:01,9.16771037181996
2023-07-11 02:37:50,9.24135273972603
2023-07-11 02:38:55,10.3272602739726
2023-07-11 14:19:16,8.34315068493151
2023-07-11 14:19:23,7.98493150684932
2023-07-11 14:19:24,9.06614481409002
2023-07-12 14:13:03,8.85009784735812
2023-07-12 14:13:08,7.71232876712329
2023-07-12 14:13:13,8.47616438356164
2023-07-13 02:27:50,8.88493150684931
2023-07-13 02:29:00,8.38767123287671
2023-07-13 14:37:49,9.53625570776256
2023-07-13 14:37:51,8.97671232876712
2023-07-15 14:19:20,7.64246575342466
2023-07-15 14:19:21,7.48219178082192
2023-07-15 14:19:22,8.59099804305284
2023-07-15 14:19:23,8.98843226788432
2023-07-15 14:27:49,8.56868884540117
2023-07-15 14:29:01,8.66751467710372
2023-07-16 02:37:50,8.68812785388128
2023-07-16 14:13:09,8.43718199608611
2023-07-16 14:13:10,7.47853881278539
2023-07-16 14:13:12,8.63287671232877
2023-07-16 14:13:14,7.3041095890411
2023-07-18 02:27:50,8.54178082191781
2023-07-18 02:29:00,8.25185909980431
2023-07-18 14:37:49,8.17149380300065
2023-07-18 14:37:51,8.26536203522505
2023-07-18 14:38:56,8.34916286149163
2023-07-19 14:19:18,7.73287671232877
2023-07-19 14:19:21,7.98199608610567
2023-07-19 14:19:26,7.21095890410959
2023-07-19 14:19:29,8.66164383561644
2023-07-20 14:13:07,7.84383561643836
2023-07-20 14:13:10,8.38575342465753
2023-07-20 14:13:17,7.25479452054795
2023-07-20 14:13:18,7.90724070450098
2023-07-20 14:27:49,7.8747553816047
2023-07-20 14:27:51,8.16541095890411
2023-07-20 14:29:01,7.13561643835616
2023-07-21 02:37:50,8.54378082191781
2023-07-23 02:27:50,7.81629566210046
2023-07-23 02:29:00,6.91369863013699
2023-07-23 14:19:24,7.48
2023-07-23 14:19:25,7.41187214611872
2023-07-23 14:19:27,7.6236301369863
2023-07-23 14:37:49,7.73470319634703
2023-07-23 14:38:56,7.81522070015221
2023-07-24 14:13:13,7.35890410958904
2023-07-24 14:13:16,7.47279843444227
2023-07-24 14:13:17,7.42260273972603
2023-07-25 14:27:49,6.67945205479452
2023-07-25 14:29:01,7.36118721461187
2023-07-26 02:37:50,7.6830035514967
2023-07-26 02:38:55,7.19589041095891
2023-07-27 14:19:24,6.72109589041096
2023-07-27 14:19:30,7.06164383561644
2023-07-27 14:19:31,7.00078277886497
2023-07-28 02:27:50,7.1706457925636
2023-07-28 02:29:00,7.12356164383562
2023-07-28 14:13:22,7.0324200913242
2023-07-28 14:37:49,7.22749873160832
2023-07-28 14:37:51,7.37972602739726
2023-07-30 14:27:49,6.98698630136986
2023-07-30 14:27:51,6.79373776908024
2023-07-30 14:29:01,6.49041095890411
2023-07-31 02:37:50,6.8689497716895
2023-07-31 02:37:55,6.45205479452055
2023-07-31 02:38:55,6.57690802348337
2023-07-31 14:19:25,6.31780821917808
2023-07-31 14:19:29,6.75851272015656
2023-07-31 14:19:30,6.58477929984779
2023-08-01 14:13:18,6.48931506849315
2023-08-01 14:13:20,6.51037181996086
2023-08-02 02:27:50,6.77945205479452
2023-08-02 02:29:00,6.70171232876712
2023-08-02 14:37:49,6.55544683626876
2023-08-02 14:37:56,6.29041095890411
2023-08-04 14:19:31,6.14246575342466
2023-08-04 14:19:34,5.83671232876712
2023-08-04 14:19:35,6.28986301369863
2023-08-04 14:27:49,6.60684931506849
2023-08-04 14:29:01,6.43196347031963
2023-08-05 02:37:50,6.29200913242009
2023-08-05 02:37:55,6.1027397260274
2023-08-05 02:38:55,6.44148727984344
2023-08-05 14:13:16,6.14246575342466
2023-08-07 02:27:50,6.19212328767123
2023-08-07 02:29:00,6.03835616438356
2023-08-07 14:37:49,6.21898238747554
2023-08-07 14:37:56,6.28904109589041
2023-08-08 14:19:31,5.67123287671233
2023-08-08 14:19:32,5.83111545988258
2023-08-09 14:13:22,5.84191780821918
2023-08-09 14:27:49,6.19280821917808
2023-08-09 14:27:51,6.10883561643836
2023-08-10 02:37:50,6.05077625570776
2023-08-10 02:37:55,6.13493150684931
2023-08-10 02:38:25,6.04383561643836
2023-08-12 02:27:50,5.90954337899543
2023-08-12 14:19:31,5.49680365296804
2023-08-12 14:19:36,5.56849315068493
2023-08-12 14:19:38,5.63869863013699
2023-08-12 14:37:49,6.06739726027397
2023-08-12 14:38:24,5.92328767123288
2023-08-12 14:39:01,5.96219178082192
2023-08-13 14:13:15,5.83287671232877
2023-08-13 14:13:28,5.4559686888454
2023-08-14 14:27:49,5.64444444444444
2023-08-15 02:37:50,5.48835616438356
2023-08-15 02:37:55,5.77534246575343
2023-08-15 02:38:25,5.71232876712329
2023-08-15 02:38:55,5.85835616438356
2023-08-16 14:19:35,5.72237442922375
2023-08-16 14:19:36,5.59512937595129
2023-08-17 02:27:50,5.62977168949772
2023-08-17 02:29:55,
2023-08-17 14:13:24,5.63835616438356
2023-08-17 14:13:26,5.29275929549902
2023-08-17 14:37:49,5.85452054794521
2023-08-17 14:37:56,5.63052837573386
2023-08-17 14:38:24,5.57808219178082
2023-08-17 14:39:06,5.6958904109589
2023-08-19 14:27:49,5.68036529680365
2023-08-19 14:27:51,5.3986301369863
2023-08-19 14:28:44,5.72876712328767
2023-08-19 14:28:51,5.78356164383562
2023-08-20 02:37:50,5.48995433789954
2023-08-20 02:39:05,5.45068493150685
2023-08-20 02:39:30,5.55821917808219
2023-08-20 02:39:40,5.64657534246575
2023-08-20 14:19:39,5.48649706457926
2023-08-20 14:19:40,5.36061643835616
2023-08-21 14:13:22,5.70246575342466
2023-08-22 02:27:50,5.30085616438356
2023-08-22 02:28:45,5.37945205479452
2023-08-22 14:37:49,5.84821917808219
2023-08-22 14:37:56,5.23796477495108
2023-08-22 14:38:24,5.58684931506849
2023-08-22 14:40:11,5.37990867579909
2023-08-24 14:19:38,5.78301369863014
2023-08-24 14:27:49,5.21392694063927
2023-08-24 14:29:19,5.45479452054795
2023-08-25 02:37:50,5.22152641878669
2023-08-25 02:37:55,5.37876712328767
2023-08-25 02:38:25,5.33808219178082
2023-08-25 02:39:05,5.3972602739726
2023-08-25 02:39:40,5.37260273972603
2023-08-27 02:27:50,5.61662100456621
2023-08-27 02:29:20,5.24931506849315
2023-08-27 14:37:49,5.19686888454012
2023-08-27 14:39:06,5.34356164383562
2023-08-27 14:40:46,5.2027397260274
2023-08-28 14:19:42,5.22277397260274
2023-08-29 14:13:24,5.29041095890411
2023-08-29 14:27:49,5.34100456621005
2023-08-29 14:27:51,5.48986301369863
2023-08-29 14:28:51,5.52511415525114
2023-08-30 02:37:55,5.20616438356164
2023-08-30 02:38:25,5.20587084148728
2023-08-30 02:39:40,5.20639269406393
2023-09-01 02:27:50,5.36719178082192
2023-09-01 02:28:45,5.22146118721461
2023-09-01 02:28:50,5.52739726027397
2023-09-01 02:29:50,5.28219178082192
2023-09-01 14:19:40,5.29512937595129
2023-09-01 14:37:49,5.44356164383562
2023-09-01 14:38:24,5.18962818003914
2023-09-01 14:39:06,5.14200913242009
2023-09-01 14:39:41,5.22260273972603
2023-09-01 14:41:16,5.13698630136986
2023-09-02 14:13:30,5.09543378995434
2023-09-03 14:27:49,5.23342465753425
2023-09-03 14:28:44,5.13721461187215
2023-09-04 02:37:55,4.77290715372907
2023-09-04 02:39:05,5.18949771689498
2023-09-04 02:40:10,5.05205479452055
2023-09-05 14:19:44,4.89497716894977
2023-09-05 14:19:45,5.05972602739726
2023-09-06 02:27:50,5.38958904109589
2023-09-06 02:29:20,5.22493150684931
2023-09-06 14:13:28,5.06653620352251
2023-09-06 14:37:49,5.18931506849315
2023-09-06 14:38:24,5.03835616438356
2023-09-06 14:39:41,5.1172602739726
2023-09-06 14:39:59,5.07945205479452
2023-09-06 14:40:11,5.29406392694064
2023-09-08 14:27:49,5.19229452054795
2023-09-08 14:28:51,5.46739726027397
2023-09-08 14:29:19,5.14438356164384
2023-09-09 02:39:05,5.0747553816047
2023-09-09 02:39:40,5.12383561643836
2023-09-09 02:40:00,5.10684931506849
2023-09-09 14:19:42,5.2076103500761
2023-09-09 14:19:45,4.87945205479452
2023-09-10 14:13:28,5.04657534246575
2023-09-10 14:13:34,5.02583170254403
2023-09-11 02:28:45,5.18150684931507
2023-09-11 02:28:50,5.28712328767123
2023-09-11 02:29:50,5.21643835616438
2023-09-11 14:38:24,5.19041095890411
2023-09-11 14:40:11,5.28520547945206
2023-09-13 14:19:43,5.17876712328767
2023-09-13 14:19:48,5.06575342465753
2023-09-13 14:28:44,5.06746575342466
2023-09-13 14:29:49,5.29068493150685
2023-09-14 02:39:05,5.23342465753425
2023-09-14 02:39:40,5.19217221135029
2023-09-14 02:40:00,5.17945205479452
2023-09-14 02:40:10,5.25123287671233
2023-09-14 14:13:35,5.12191780821918
2023-09-16 02:28:50,5.61135029354207
2023-09-16 02:29:20,5.23365949119374
2023-09-16 14:39:59,5.2641095890411
2023-09-17 14:19:47,4.81917808219178
2023-09-18 14:13:32,4.90684931506849
2023-09-18 14:28:44,5.26123287671233
2023-09-18 14:28:51,5.39771689497717
2023-09-18 14:29:19,5.1187866927593
2023-09-19 02:38:30,5.24027397260274
2023-09-19 02:39:40,5.03796477495108
2023-09-19 02:40:10,5.25159817351598
2023-09-21 02:28:45,5.19452054794521
2023-09-21 02:28:50,5.71115459882583
2023-09-21 02:29:50,5.27534246575342
2023-09-21 14:19:46,5.19013698630137
2023-09-21 14:19:49,5.05570776255708
2023-09-21 14:38:24,5.15191780821918
2023-09-21 14:39:11,5.27397260273973
2023-09-21 14:39:59,5.23835616438356
2023-09-21 14:41:11,5.10684931506849
2023-09-22 14:13:38,5.20913242009133
2023-09-23 14:28:44,5.33164383561644
2023-09-23 14:29:19,5.13184931506849
2023-09-23 14:29:49,5.20958904109589
2023-09-23 14:30:44,5.11506849315069
2023-09-24 02:39:05,5.00669710806697
2023-09-24 02:40:10,5.15433789954338
2023-09-24 02:40:55,4.73698630136986
2023-09-24 02:41:10,5.12328767123288
2023-09-25 14:19:51,5.18310502283105
2023-09-26 02:29:20,5.32846270928463
2023-09-26 14:13:30,5.23561643835616
2023-09-26 14:39:46,5.20821917808219
2023-09-26 14:39:59,5.24611872146119
2023-09-26 14:40:54,5.15890410958904
2023-09-28 14:29:19,5.43972602739726
2023-09-28 14:29:49,5.30763209393346
2023-09-29 02:39:40,5.20945205479452
2023-09-29 02:41:10,5.27397260273973
2023-09-30 14:13:36,5.16575342465753
2023-10-01 02:29:50,5.3160469667319
2023-10-01 02:30:45,5.28082191780822
2023-10-01 14:40:16,5.35225048923679
2023-10-01 14:40:54,5.32191780821918
2023-10-03 14:19:45,5.1027397260274
2023-10-03 14:19:53,5.47054794520548
2023-10-03 14:29:49,5.5388698630137
2023-10-03 14:30:44,5.22876712328767
2023-10-04 02:40:05,5.44500978473581
2023-10-04 02:40:10,5.45342465753425
2023-10-04 02:40:15,5.54876712328767
2023-10-04 02:41:10,5.38150684931507
2023-10-06 02:30:20,6.0238747553816
2023-10-06 02:31:05,5.30958904109589
2023-10-06 14:39:59,5.60719178082192
2023-10-06 14:40:54,5.5
2023-10-06 14:40:56,5.67178082191781
2023-10-07 14:19:50,5.21917808219178
2023-10-08 14:30:14,5.8013698630137
2023-10-08 14:30:44,5.57452054794521
2023-10-08 14:31:04,5.3
2023-10-09 02:40:45,5.83917808219178
2023-10-11 02:30:45,5.60739726027397
2023-10-11 02:30:50,6.1679060665362
2023-10-11 14:19:55,5.8648401826484
2023-10-11 14:40:34,5.74332191780822
2023-10-11 14:41:16,5.7703196347032
2023-10-11 14:41:26,6.01287671232877
2023-10-12 14:13:40,5.85178082191781
2023-10-13 14:30:44,6.10143835616438
2023-10-13 14:31:04,5.51095890410959
2023-10-14 02:41:00,5.72547945205479
2023-10-14 02:41:10,5.80365296803653
2023-10-14 02:41:15,6.10547945205479
2023-10-15 14:19:52,5.71232876712329
2023-10-16 02:31:05,5.75479452054795
2023-10-16 14:40:54,5.86506849315069
2023-10-16 14:42:01,6.35178082191781
2023-10-18 14:31:04,5.84383561643836
2023-10-18 14:31:19,6.25493150684931
2023-10-19 02:41:45,5.98512720156556
2023-10-19 02:41:50,6.33315068493151
2023-10-20 14:13:38,6.05048923679061
2023-10-21 02:31:45,6.38219178082192
2023-10-21 14:41:29,6.10606653620352
2023-10-21 14:42:26,6.09549902152642
2023-10-23 14:19:54,6.16242661448141
2023-10-23 14:31:39,6.29948630136986
2023-10-24 02:42:10,6.226614481409
2023-10-26 02:32:05,6.58995433789954
2023-10-26 14:43:01,6.66739726027397
2023-10-28 14:31:59,6.45264187866928
2023-10-28 14:32:14,6.67547945205479
2023-10-29 02:42:45,6.36477495107632
2023-10-31 14:43:31,6.76041095890411
2023-11-01 14:13:42,6.82575342465754
2023-11-01 14:13:43,6.38904109589041
2023-11-02 14:32:34,6.64422700587084
2023-11-02 14:32:44,6.85547945205479
2023-11-03 02:43:15,6.87630136986301
2023-11-03 02:43:20,6.84260273972603
2023-11-04 14:19:57,6.85357686453577
2023-11-05 14:43:04,6.95671232876712
2023-11-07 14:33:04,6.90171232876712
2023-11-13 14:13:47,6.97260273972603
2023-11-17 14:33:59,7.20376712328767
2023-11-21 14:13:45,7.26472602739726
2023-11-29 14:13:46,6.92602739726027
2023-12-07 14:13:44,7.57753424657534
2023-12-07 14:13:46,6.83287671232877
2023-12-07 14:33:04,6.88219178082192
2023-12-10 02:33:20,6.88767123287671
2023-12-12 14:34:19,7
2023-12-14 14:19:58,6.87260273972603
2023-12-15 14:13:44,7.12465753424658
2023-12-17 14:33:59,7.18630136986301
2023-12-17 14:34:39,7.09315068493151
2023-12-19 14:13:37,7.08493150684932
2023-12-19 14:13:49,7.99647749510763
2023-12-20 02:34:15,7.23835616438356
2023-12-22 14:19:58,7.19041095890411
2023-12-22 14:34:19,7.77232876712329
2023-12-23 02:44:00,7.12876712328767
2023-12-23 14:13:46,7.1972602739726
2023-12-25 02:33:50,7.1972602739726
2023-12-25 02:34:35,7.84876712328767
2023-12-25 14:43:44,7.31780821917808
2023-12-26 14:19:53,7.29041095890411
2023-12-27 14:13:49,7.77534246575343
2023-12-30 02:33:20,7.16712328767123
2023-12-30 02:34:10,7.31232876712329
2023-12-31 14:13:42,7.75945205479452
2024-01-04 02:33:40,7.33972602739726
2024-01-04 14:13:51,7.74429223744292
2024-01-07 14:19:55,
2024-01-12 14:13:45,7.51506849315069
2024-01-12 14:13:48,7.9089802130898
2024-01-15 14:19:54,6.26027397260274
2024-01-16 14:13:41,7.82191780821918
2024-01-16 14:34:39,7.67424657534247
2024-01-19 02:34:55,7.8827397260274
2024-01-19 14:20:00,7.66636225266362
2024-01-20 14:13:50,8.04041095890411
2024-01-23 14:19:55,7.95787671232877
2024-01-24 02:34:30,8.04554794520548
2024-01-24 02:34:35,8.29095890410959
2024-01-24 14:13:41,8.47890410958904
2024-01-28 14:13:43,8.23835616438356
2024-01-28 14:13:50,8.6179604261796
2024-01-29 02:34:00,7.80547945205479
2024-01-29 02:34:10,8.76561643835617
2024-01-29 14:43:54,9.27123287671233
2024-01-31 14:19:54,8.9027397260274
2024-01-31 14:33:14,7.66940639269406
2024-01-31 14:33:29,9.55538160469667
2024-01-31 14:34:26,8.74123287671233
2024-02-01 14:13:40,8.35561643835617
2024-02-01 14:13:43,8.70776255707763
2024-02-03 02:33:40,8.77928082191781
2024-02-03 02:33:45,9.67397260273973
2024-02-05 14:13:44,8.73150684931507
2024-02-05 14:13:46,7.91917808219178
2024-02-05 14:32:54,8.07762557077626
2024-02-05 14:33:56,9.17095890410959
2024-02-08 02:33:10,8.35068493150685
2024-02-08 14:42:44,9.61753424657534
2024-02-09 14:13:35,8.0972602739726
2024-02-09 14:13:37,8.9554794520548
2024-02-09 14:13:40,9.01839530332681
2024-02-10 14:33:31,9.47657534246575
2024-02-12 14:19:57,7.85753424657534
2024-02-13 02:32:15,8.00821917808219
2024-02-13 02:32:45,8.89972602739726
2024-02-13 02:32:50,10.2117416829746
2024-02-13 14:13:33,9.03052837573386
2024-02-13 14:13:46,9.62724505327245
2024-02-13 14:42:14,9.75958904109589
2024-02-13 14:42:19,9.13082191780822
2024-02-15 14:31:34,8.03013698630137
2024-02-15 14:31:44,9.76986301369863
2024-02-17 14:13:35,8.74178082191781
2024-02-17 14:13:39,9.2426614481409
2024-02-17 14:13:42,9.45034246575343
2024-02-18 02:31:55,8.74897260273973
2024-02-18 02:32:00,9.67945205479452
2024-02-18 14:41:39,10.0109589041096
2024-02-18 14:41:49,9.38287671232877
2024-02-20 14:19:56,9.17643835616438
2024-02-20 14:31:14,8.31095890410959
2024-02-20 14:31:19,8.36986301369863
2024-02-20 14:32:11,9.14269406392694
2024-02-21 14:13:28,9.15452054794521
2024-02-21 14:13:48,9.37103718199609
2024-02-23 02:31:30,8.9541095890411
2024-02-23 02:31:35,9.94315068493151
2024-02-23 14:41:14,9.31428571428571
2024-02-24 14:19:52,9.36360078277886
2024-02-25 14:13:29,8.32876712328767
2024-02-25 14:13:36,9.91945205479452
2024-02-25 14:13:37,9.50332681017613
2024-02-25 14:30:54,10.1227397260274
2024-02-25 14:30:59,8.19452054794521
2024-02-25 14:31:46,9.34422700587084
2024-02-26 02:41:25,9.19315068493151
2024-02-28 02:31:05,9.60856164383562
2024-02-28 02:31:15,8.41917808219178
2024-02-28 02:32:10,8.54794520547945
2024-02-28 14:19:52,8.41643835616438
2024-02-28 14:40:39,9.88739726027397
2024-02-29 14:13:22,8.32602739726027
2024-02-29 14:13:42,9.99452054794521
2024-03-01 14:30:24,10.1657534246575
2024-03-01 14:31:16,9.49246575342466
2024-03-01 14:32:26,8.44931506849315
2024-03-02 02:40:50,8.9736301369863
2024-03-03 14:19:47,9.11689497716895
2024-03-04 02:30:30,8.68219178082192
2024-03-04 02:30:35,9.38708414872798
2024-03-04 02:30:50,8.98835616438356
2024-03-04 14:13:31,9.64246575342466
2024-03-04 14:13:33,8.63013698630137
2024-03-04 14:13:38,9.79150684931507
2024-03-04 14:40:04,9.42465753424657
2024-03-04 14:40:39,8.48767123287671
2024-03-06 14:29:49,8.81534246575343
2024-03-06 14:30:09,10.2356164383562
2024-03-06 14:32:01,8.54794520547945
2024-03-07 02:40:15,9.51986301369863
2024-03-08 14:13:27,9.83342465753425
2024-03-08 14:13:42,8.48767123287671
2024-03-09 02:30:20,9.29200913242009
2024-03-09 02:30:50,8.44383561643836
2024-03-09 14:39:29,9.57328767123288
2024-03-09 14:39:34,9.69945205479452
2024-03-09 14:40:39,8.48767123287671
2024-03-11 14:29:34,8.82534246575343
2024-03-11 14:31:31,9.01917808219178
2024-03-12 02:39:40,9.50068493150685
2024-03-12 02:39:45,9.79178082191781
2024-03-12 14:13:25,9.59921722113503
2024-03-12 14:13:27,8.79452054794521
2024-03-12 14:13:33,9.75799086757991
2024-03-14 02:29:20,10.3436399217221
2024-03-14 02:30:20,9.09589041095891
2024-03-14 02:30:45,8.55890410958904
2024-03-14 02:30:50,8.73150684931507
2024-03-14 14:38:59,9.41917808219178
2024-03-14 14:39:29,9.55381604696673
2024-03-16 14:13:21,9.25440313111546
2024-03-16 14:13:35,9.32
2024-03-16 14:28:39,10.5432485322896
2024-03-16 14:29:34,8.64931506849315
2024-03-17 02:39:10,9.95547945205479
2024-03-19 02:30:20,8.58082191780822
2024-03-19 14:38:24,9.89534246575343
2024-03-19 14:38:59,9.60993150684931
2024-03-19 14:39:29,9.45424657534247
2024-03-20 14:13:21,8.72465753424658
2024-03-20 14:13:27,9.51061643835616
2024-03-20 14:13:32,9.42778864970646
2024-03-21 14:28:24,10.4812785388128
2024-03-21 14:29:34,8.69178082191781
2024-03-22 02:38:35,10.051095890411
2024-03-23 14:19:49,10.0224657534247
2024-03-24 02:28:35,10.0016438356164
2024-03-24 02:29:35,10.2180821917808
2024-03-24 14:13:16,9.80493150684932
2024-03-24 14:13:17,9.43945205479452
2024-03-24 14:13:38,9.33111545988258
2024-03-24 14:38:24,10.0330136986301
2024-03-24 14:38:46,10.021095890411
2024-03-24 14:38:59,9.5839530332681
2024-03-26 14:27:54,9.87
2024-03-26 14:28:24,10.1068493150685
2024-03-26 14:29:46,9.85829528158295
2024-03-27 02:38:00,10.0194520547945
2024-03-27 02:38:35,10.0613698630137
2024-03-27 02:39:30,8.98904109589041
2024-03-28 14:13:24,9.75342465753425
2024-03-28 14:13:27,9.47514677103718
2024-03-29 02:28:35,9.91491628614916
2024-03-29 02:29:05,9.91479452054795
2024-03-29 02:30:50,8.81643835616438
2024-03-29 14:37:49,9.93315068493151
2024-03-29 14:38:24,9.7986301369863
2024-03-29 14:39:29,8.86849315068493
2024-03-31 14:27:54,10.0228767123288
2024-03-31 14:28:24,10.5486301369863
2024-04-01 02:38:35,9.75787671232877
2024-04-01 02:39:00,8.9041095890411
2024-04-01 14:13:12,9.63150684931507
2024-04-03 02:28:35,9.78962818003914
2024-04-03 02:28:50,9.78645357686454
2024-04-03 14:37:49,9.66095890410959
2024-04-03 14:38:01,7.92876712328767
2024-04-03 14:38:59,8.97123287671233
2024-04-05 14:13:19,9.07397260273973
2024-04-05 14:13:21,9.93211567732116
2024-04-05 14:27:39,10.0291780821918
2024-04-05 14:27:54,9.96900684931507
2024-04-06 02:38:00,9.8779299847793
2024-04-06 02:38:25,9.7972602739726
2024-04-06 02:40:00,8.88493150684931
2024-04-08 14:19:37,9.56712328767123
2024-04-08 14:37:49,10.241704718417
2024-04-08 14:38:24,9.27488584474886
2024-04-08 14:38:36,9.85388127853881
2024-04-08 14:38:59,8.99452054794521
2024-04-09 14:13:06,10.5167123287671
2024-04-09 14:13:07,9.6041095890411
2024-04-10 14:27:39,10.3908219178082
2024-04-10 14:29:51,9.67602739726027
2024-04-11 02:37:50,10.0575342465753
2024-04-11 02:38:35,9.97753424657534
2024-04-11 02:39:00,9.03287671232877
2024-04-11 02:39:25,9.18082191780822
2024-04-12 14:18:34,9.04109589041096
2024-04-12 14:19:27,9.07397260273973
2024-04-13 02:28:35,9.37808219178082
2024-04-13 02:28:50,10.5875342465753
2024-04-13 02:29:10,9.96712328767123
2024-04-13 14:13:17,10.8715068493151
2024-04-13 14:37:49,10.2567514677104
2024-04-13 14:38:01,10.1578767123288
2024-04-13 14:38:24,9.29041095890411
2024-04-13 14:39:36,9.83630136986301
2024-04-15 02:18:45,9.08767123287671
2024-04-15 14:27:39,10.6168493150685
2024-04-15 14:27:54,9.79006849315069
2024-04-15 14:29:51,9.35890410958904
2024-04-15 14:30:01,9.39634703196347
2024-04-16 02:37:50,10.3631849315069
2024-04-16 02:38:00,10.2203522504892
2024-04-16 02:38:25,9.16438356164384
2024-04-16 02:38:35,9.21917808219178
2024-04-16 02:38:50,10.0361643835616
2024-04-16 14:19:32,10.1221135029354
2024-04-16 14:19:33,9.07397260273973
2024-04-17 14:13:01,10.2986301369863
2024-04-17 14:17:59,9.10958904109589
2024-04-18 02:28:30,9.1972602739726
2024-04-18 02:28:50,9.83506849315069
2024-04-18 02:28:55,10.3101761252446
2024-04-18 02:29:10,9.31780821917808
2024-04-18 14:37:49,10.2955642530985
2024-04-18 14:37:51,8.48767123287671
2024-04-18 14:38:24,9.26301369863014
2024-04-18 14:38:36,9.31095890410959
2024-04-18 14:39:01,10.3960861056751
2024-04-20 14:19:20,9.12602739726027
2024-04-20 14:19:22,10.1579908675799
2024-04-20 14:27:39,10.2687214611872
2024-04-20 14:27:44,9.23561643835616
2024-04-20 14:29:46,9.24931506849315
2024-04-20 14:30:06,10.3393346379648
2024-04-21 02:37:50,10.7651445966514
2024-04-21 02:38:00,9.85547945205479
2024-04-21 02:38:35,9.28767123287671
2024-04-21 02:38:50,10.4481409001957
2024-04-21 14:13:09,9.3013698630137
2024-04-21 14:13:12,10.6924657534247
2024-04-22 02:34:11,11.2684931506849
2024-04-23 02:27:55,9.26575342465753
2024-04-23 02:28:35,9.26575342465753
2024-04-23 02:28:50,11.0840182648402
2024-04-23 02:28:55,10.6717465753425
2024-04-23 02:29:05,9.26849315068493
2024-04-23 14:37:49,11.1592694063927
2024-04-23 14:38:01,9.32465753424658
2024-04-24 02:23:56,11.5424657534247
2024-04-24 14:19:29,9.25890410958904
2024-04-24 14:19:56,
2024-04-24 14:34:00,11.5013698630137
2024-04-25 02:17:40,10.0061643835616
2024-04-25 14:12:58,10.9284627092846
2024-04-25 14:27:39,10.7832191780822
2024-04-25 14:27:54,9.31780821917808
2024-04-25 14:30:06,10.3567123287671
2024-04-26 02:37:50,10.0664383561644
2024-04-26 02:38:00,9.41917808219178
2024-04-26 02:38:50,10.7345890410959
2024-04-26 14:23:50,10.0294520547945
2024-04-28 02:28:50,9.47397260273973
2024-04-28 02:28:55,11.0180365296804
2024-04-28 14:19:16,9.3041095890411
2024-04-28 14:37:49,10.5984344422701
2024-04-29 02:22:39,10.6336594911937
2024-04-29 02:23:56,11.4582191780822
2024-04-29 14:13:03,9.42876712328767
2024-04-29 14:34:00,11.4383561643836
2024-04-30 02:17:40,10.6720156555773
2024-04-30 14:27:39,11.0316590563166
2024-04-30 14:30:01,9.47260273972603
2024-04-30 14:30:06,10.0657534246575
2024-05-01 02:37:50,10.7248532289628
2024-05-01 14:23:55,11.8109589041096
2024-05-02 14:17:39,11.2712328767123
2024-05-02 14:19:25,9.37260273972603
2024-05-03 02:28:50,10.0054794520548
2024-05-03 02:28:55,10.9138698630137
2024-05-03 14:13:13,9.46301369863014
2024-05-03 14:37:49,10.5638356164384
2024-05-03 14:38:51,11.2098630136986
2024-05-04 02:22:39,11.5008219178082
2024-05-04 02:23:56,11.9639269406393
2024-05-05 14:27:39,9.62009132420091
2024-05-05 14:30:06,9.50616438356164
2024-05-06 02:37:50,11.3304109589041
2024-05-06 02:38:50,11.0558904109589
2024-05-06 14:19:10,11.1241095890411
2024-05-06 14:23:50,9.16073059360731
2024-05-07 02:34:01,12.1682974559687
2024-05-07 14:12:59,10.1602739726027
2024-05-07 14:13:01,9.75452054794521
2024-05-08 02:28:50,10.2150684931507
2024-05-08 02:28:55,9.75342465753425
2024-05-08 14:37:49,11.1831506849315
2024-05-08 14:37:51,11.2581430745814
2024-05-09 02:25:16,12.2594911937378
2024-05-09 14:34:00,12.0700587084149
2024-05-10 02:19:00,12.213698630137
2024-05-10 14:19:16,11.1257229832572
2024-05-10 14:27:39,10.1609589041096
2024-05-10 14:27:44,11.2972602739726
2024-05-10 14:30:01,9.28904109589041
2024-05-10 14:30:06,9.8027397260274
2024-05-10 14:30:11,11.3828767123288
2024-05-11 02:37:50,11.5058904109589
2024-05-11 14:23:55,11.3522374429224
2024-05-12 02:35:01,11.3230136986301
2024-05-12 14:17:39,11.3253424657534
2024-05-13 02:28:45,11.2827397260274
2024-05-13 02:28:50,9.18082191780822
2024-05-13 02:28:55,11.2204109589041
2024-05-13 14:37:49,10.8712328767123
2024-05-13 14:38:51,11.5597260273973
2024-05-14 14:19:03,10.8041095890411
2024-05-14 14:19:06,11.3706849315069
2024-05-14 14:34:00,11.3456164383562
2024-05-15 02:19:00,11.4043835616438
2024-05-15 14:12:54,10.8945205479452
2024-05-15 14:27:44,11.3383561643836
2024-05-15 14:30:06,10.8296232876712
2024-05-16 02:37:50,11.5046575342466
2024-05-16 02:38:50,11.392602739726
2024-05-16 14:23:55,10.3933463796478
2024-05-18 02:28:50,10.8460616438356
2024-05-18 02:28:55,11.0071917808219
2024-05-18 14:18:53,11.1830136986301
2024-05-18 14:19:13,10.8090019569472
2024-05-18 14:37:49,11.4906849315069
2024-05-18 14:39:51,9.96643835616439
2024-05-20 14:27:39,10.811301369863
2024-05-20 14:27:44,9.64383561643836
2024-05-20 14:30:06,11.1986301369863
2024-05-21 02:38:50,10.4689497716895
2024-05-22 14:19:00,10.9923287671233
2024-05-22 14:19:03,10.5739726027397
2024-05-23 02:28:55,11.2264383561644
2024-05-23 14:38:51,10.4630136986301
2024-05-25 14:30:11,10.3068493150685
2024-05-26 02:38:50,11.2551369863014
2024-05-26 14:19:09,10.836301369863
2024-05-28 02:28:55,10.9513698630137
2024-05-28 02:29:00,9.26575342465753
2024-05-28 14:38:56,9.46301369863014
2024-05-30 14:18:57,11.2934550989346
2024-05-30 14:27:44,9.62557077625571
2024-05-30 14:30:11,10.760469667319
2024-05-31 02:38:55,9.36027397260274
2024-06-02 02:29:00,9.6310502283105
2024-06-02 14:39:56,9.41278538812785
2024-06-04 14:29:01,9.25068493150685
2024-06-04 14:30:06,11.0068493150685
2024-06-05 02:38:50,8.89315068493151
2024-06-05 02:38:55,9.32146118721461
2024-06-07 02:27:45,9.06986301369863
2024-06-07 02:28:55,11.4087899543379
2024-06-07 14:37:49,8.6
2024-06-07 14:38:56,9.76219178082192
2024-06-08 14:12:56,8.76986301369863
2024-06-09 14:27:44,10.6544520547945
2024-06-09 14:29:01,9.60856164383562
2024-06-09 14:30:06,9.03287671232877
2024-06-10 02:37:50,8.77260273972603
2024-06-10 02:38:50,8.68493150684932
2024-06-10 02:38:55,9.99921722113503
2024-06-11 14:19:15,8.64383561643836
2024-06-12 02:28:50,8.8958904109589
2024-06-12 14:37:49,8.82009132420091
2024-06-12 14:39:51,8.67945205479452
2024-06-12 14:39:56,8.35342465753425
2024-06-14 14:27:44,8.65479452054795
2024-06-14 14:28:56,9.4627397260274
2024-06-14 14:30:06,8.77397260273973
2024-06-15 02:38:50,8.67808219178082
2024-06-15 14:19:05,8.53972602739726
2024-06-17 02:27:45,9.68962818003914
2024-06-17 02:29:00,8.55890410958904
2024-06-17 14:38:51,8.48082191780822
2024-06-19 14:19:10,8.26575342465753
2024-06-19 14:19:12,8.30958904109589
2024-06-19 14:27:44,8.5041095890411
2024-06-19 14:29:01,
2024-06-19 14:30:01,8.29315068493151
2024-06-19 14:30:06,8.54794520547945
2024-06-20 02:38:50,8.68493150684932
2024-06-20 14:12:57,8.65936073059361
2024-06-22 02:27:50,8.36054794520548
2024-06-22 02:28:50,8.12054794520548
2024-06-22 02:28:55,8.28082191780822
2024-06-22 02:29:00,8.17260273972603
2024-06-22 14:37:49,8.18356164383562
2024-06-23 14:18:59,8.13013698630137
2024-06-23 14:19:17,8.05479452054795
2024-06-24 14:27:44,8.69691780821918
2024-06-24 14:29:01,8.01835616438356
2024-06-24 14:30:01,8.20547945205479
2024-06-24 14:30:11,8.24657534246575
2024-06-25 02:37:50,8.17945205479452
2024-06-27 02:27:50,8.93123287671233
2024-06-27 02:28:50,8.02328767123288
2024-06-27 02:28:55,7.96986301369863
2024-06-27 14:19:04,7.93424657534247
2024-06-27 14:19:08,8.0054794520548
2024-06-27 14:37:49,8.00684931506849
2024-06-28 14:12:59,7.86301369863014
2024-06-29 14:27:44,7.83972602739726
2024-06-29 14:27:51,8.92922374429224
2024-06-29 14:30:06,8.51017612524462
2024-06-30 02:38:55,9.21808219178082
2024-07-01 14:19:14,7.80091324200913
2024-07-02 02:28:55,8.47928082191781
2024-07-02 02:29:00,8.21115459882583
2024-07-04 14:27:49,8.24041095890411
2024-07-04 14:28:51,7.46575342465753
2024-07-04 14:28:56,9.09589041095891
2024-07-04 14:30:06,7.76164383561644
2024-07-05 14:19:05,7.5041095890411
2024-07-06 14:13:02,7.5041095890411
2024-07-07 02:27:40,7.56027397260274
2024-07-07 02:27:50,8.07488584474886
2024-07-07 02:28:55,7.89748858447489
2024-07-07 02:29:00,7.83401826484018
2024-07-07 14:39:56,8.82876712328767
2024-07-09 14:19:15,7.31643835616438
2024-07-09 14:27:44,7.3041095890411
2024-07-09 14:27:49,6.96712328767123
2024-07-09 14:28:56,8.68260273972603
2024-07-09 14:30:11,7.71392694063927
2024-07-10 02:38:50,8.59753424657534
2024-07-12 02:27:50,8.11287671232877
2024-07-12 02:29:00,6.77351598173516
2024-07-13 14:19:17,7.02739726027397
2024-07-14 14:28:56,8.10424657534247
2024-07-14 14:29:01,7.60328767123288
2024-07-15 02:38:55,7.5334637964775
2024-07-17 02:27:45,6.66666666666667
2024-07-17 02:27:50,7.53165905631659
2024-07-17 02:28:55,6.18173515981735
2024-07-17 02:29:00,6.58904109589041
2024-07-17 14:37:49,6.68561643835616
2024-07-19 14:27:49,6.58630136986301
2024-07-19 14:29:01,7.01761252446184
2024-07-19 14:30:01,7.16835616438356
2024-07-22 02:28:55,7.24
2024-07-22 14:13:00,6.96493150684932
2024-07-22 14:39:56,7.10082191780822
2024-07-24 14:27:46,6.9706457925636
2024-07-24 14:27:49,7.03287671232877
2024-07-24 14:30:06,7.1041095890411
2024-07-25 02:38:50,7.20333333333333
2024-07-25 02:38:55,6.9413698630137
2024-07-25 14:19:16,6.82896281800391
2024-07-27 02:27:50,6.58184931506849
2024-07-27 02:28:55,6.10958904109589
2024-07-27 02:29:00,7.06917808219178
2024-07-27 14:37:49,6.57260273972603
2024-07-27 14:38:51,6.59041095890411
2024-07-29 14:28:51,6.67514677103718
2024-07-29 14:30:06,6.56849315068493
2024-07-30 02:37:45,
2024-07-30 02:38:55,6.29406392694064
2024-07-30 14:13:04,6.44611872146119
2024-08-01 02:27:45,6.84368340943683
2024-08-01 02:28:55,6.59931506849315
2024-08-01 02:29:00,6.96657534246575
2024-08-01 14:37:49,6.03287671232877
2024-08-01 14:39:51,6.65
2024-08-03 14:27:44,6.03287671232877
2024-08-03 14:27:49,6.72800608828006
2024-08-03 14:28:51,6.68369863013699
2024-08-03 14:28:56,6.32794520547945
2024-08-03 14:29:46,5.45205479452055
2024-08-04 02:38:50,6.53681506849315
2024-08-06 02:27:45,6.95945205479452
2024-08-06 02:27:50,6.88219178082192
2024-08-06 02:28:55,6.39360730593607
2024-08-06 02:29:35,5.33972602739726
2024-08-06 14:19:20,6.5089802130898
2024-08-06 14:19:22,6.7248097412481
2024-08-06 14:38:46,6.19784735812133
2024-08-07 14:13:05,6.81643835616438
2024-08-07 14:13:09,6.19412915851272
2024-08-08 14:27:49,6.70780821917808
2024-08-08 14:28:56,6.69438356164384
2024-08-08 14:30:01,6.18297455968689
2024-08-09 02:38:50,6.53739726027397
2024-08-10 14:19:25,6.4544901065449
2024-08-11 02:27:45,6.02945205479452
2024-08-11 02:28:55,6.1160469667319
2024-08-11 02:29:00,6.49452054794521
2024-08-11 14:37:49,6.35958904109589
2024-08-13 14:27:49,6.52945205479452
2024-08-13 14:28:36,5.6013698630137
2024-08-13 14:30:01,5.99777397260274
2024-08-14 02:37:45,6.06057838660578
2024-08-14 14:19:19,6.01213307240705
2024-08-15 14:13:10,5.94794520547945
2024-08-15 14:13:11,5.8689497716895
2024-08-16 02:27:45,6.22479452054794
2024-08-16 02:28:25,5.5054794520548
2024-08-16 02:28:50,5.85022831050228
2024-08-16 02:28:55,5.9958904109589
2024-08-16 14:37:49,5.89931506849315
2024-08-18 14:19:24,5.96438356164384
2024-08-18 14:27:44,5.79200913242009
2024-08-18 14:27:49,6.53260273972603
2024-08-18 14:29:11,5.41917808219178
2024-08-18 14:29:41,5.69534246575342
2024-08-18 14:30:06,6.02359208523592
2024-08-19 02:39:20,5.34794520547945
2024-08-19 14:13:13,5.63452054794521
2024-08-21 02:28:35,5.71826484018265
2024-08-21 02:28:50,5.79138943248532
2024-08-21 02:29:00,5.26849315068493
2024-08-21 02:29:30,5.65424657534247
2024-08-21 14:38:46,5.66712328767123
2024-08-21 14:39:09,5.23835616438356
2024-08-22 14:19:20,5.61415525114155
2024-08-23 14:13:12,5.62622309197652
2024-08-23 14:13:14,5.7958904109589
2024-08-23 14:27:44,5.67181996086106
2024-08-23 14:28:24,5.56493150684931
2024-08-23 14:28:51,5.71027397260274
2024-08-23 14:29:41,5.57442922374429
2024-08-23 14:30:16,5.59424657534247
2024-08-24 02:38:50,5.58164383561644
2024-08-26 02:27:45,6.05159817351598
2024-08-26 02:28:35,5.66457925636008
2024-08-26 02:28:55,5.70869863013699
2024-08-26 02:29:10,5.50657534246575
2024-08-26 02:29:30,5.55159817351598
2024-08-26 02:30:05,5.06849315068493
2024-08-26 14:19:22,5.41479452054795
2024-08-26 14:19:25,5.91671232876712
2024-08-26 14:37:49,5.31753424657534
2024-08-26 14:40:21,5.48438356164384
2024-08-27 14:13:14,5.57769080234834
2024-08-27 14:13:15,5.25205479452055
2024-08-28 14:28:24,5.60626223091977
2024-08-28 14:28:59,5.44
2024-08-28 14:29:46,5.48571428571429
2024-08-28 14:30:16,5.3441095890411
2024-08-29 02:37:45,5.20602739726027
2024-08-29 02:40:10,5.02739726027397
2024-08-30 14:19:24,5.32328767123288
2024-08-30 14:19:28,5.61917808219178
2024-08-31 02:27:40,5.27431506849315
2024-08-31 02:29:10,5.41689497716895
2024-08-31 02:29:35,5.4614481409002
2024-08-31 02:30:05,5.29479452054795
2024-08-31 14:13:15,5.16767123287671
2024-08-31 14:13:16,5.19246575342466
2024-08-31 14:40:56,5.25388127853881
2024-09-02 14:27:44,5.13133561643836
2024-09-02 14:28:31,5.25684931506849
2024-09-02 14:28:59,5.36780821917808
2024-09-02 14:30:21,5.38786692759295
2024-09-03 02:39:20,5.25821917808219
2024-09-03 14:19:26,5.23493150684932
2024-09-03 14:19:29,5.12767123287671
2024-09-04 14:13:16,5.07232876712329
2024-09-04 14:13:17,5.04305283757339
2024-09-05 02:28:20,5.24075342465753
2024-09-05 02:28:35,5.12294520547945
2024-09-05 02:30:10,5.12857142857143
2024-09-05 14:39:09,5.09260273972603
2024-09-05 14:41:26,5.09041095890411
2024-09-07 14:19:29,5.23181126331811
2024-09-07 14:19:32,4.91232876712329
2024-09-07 14:28:24,5.13972602739726
2024-09-07 14:29:06,5.15188356164384
2024-09-08 02:39:55,5.08219178082192
2024-09-08 14:13:19,4.92563600782779
2024-09-08 14:13:21,5.20164383561644
2024-09-10 02:28:50,5.18602739726027
2024-09-10 02:28:55,4.99941291585127
2024-09-10 02:29:10,5.05890410958904
2024-09-10 14:40:21,4.93424657534247
2024-09-11 14:19:30,5.07568493150685
2024-09-11 14:19:31,4.93458904109589
2024-09-11 14:19:38,5.24602739726027
2024-09-12 14:13:18,5.20876712328767
2024-09-12 14:13:20,4.90097847358121
2024-09-12 14:13:23,4.92465753424658
2024-09-12 14:27:44,4.68890410958904
2024-09-12 14:28:59,4.99811643835616
2024-09-12 14:29:41,5.1827397260274
2024-09-13 02:39:20,4.96027397260274
2024-09-13 02:40:10,5.06712328767123
2024-09-13 02:40:25,5.22027397260274
2024-09-15 02:28:35,4.90650684931507
2024-09-15 02:29:30,5.16493150684932
2024-09-15 14:19:28,4.88465753424658
2024-09-15 14:19:33,4.89623287671233
2024-09-15 14:39:09,5.01164383561644
2024-09-15 14:39:16,4.93561643835616
2024-09-15 14:40:14,5.19890410958904
2024-09-15 14:40:56,4.9545988258317
2024-09-16 14:13:24,4.94767123287671
2024-09-17 14:28:24,4.86054794520548
2024-09-17 14:30:16,5.08945205479452
2024-09-18 02:39:05,4.9583904109589
2024-09-18 02:39:20,4.8236301369863
2024-09-18 02:39:55,4.8720156555773
2024-09-19 14:19:31,4.62739726027397
2024-09-19 14:19:39,4.84657534246575
2024-09-20 02:28:30,5.16630136986301
2024-09-20 02:29:10,4.84397260273973
2024-09-20 02:30:00,4.74703196347032
2024-09-20 02:30:05,4.89193302891933
2024-09-20 14:13:22,4.85479452054795
2024-09-20 14:13:25,5.03013698630137
2024-09-20 14:39:09,4.83972602739726
2024-09-20 14:39:51,4.80900195694716
2024-09-20 14:41:26,4.90328767123288
2024-09-22 14:28:19,5.05835616438356
2024-09-22 14:28:59,4.74109589041096
2024-09-22 14:30:04,4.71050228310502
2024-09-23 02:39:55,4.88116438356164
2024-09-23 02:40:25,5.08904109589041
2024-09-23 14:19:33,4.64535768645358
2024-09-23 14:19:41,4.89178082191781
2024-09-24 14:13:26,4.6372602739726
2024-09-25 02:29:05,4.84301369863014
2024-09-25 14:40:21,5.07260273972603
2024-09-27 14:19:31,4.3296803652968
2024-09-27 14:28:54,4.74835616438356
2024-09-27 14:29:56,4.62575342465753
2024-09-28 14:13:27,4.81630136986301
2024-09-28 14:13:28,4.18794520547945
2024-09-30 02:29:45,4.44383561643836
2024-10-01 14:19:33,4.42849315068493
2024-10-01 14:19:41,4.88493150684932
2024-10-02 14:13:29,4.3454794520548
2024-10-02 14:29:34,4.39068493150685
2024-10-05 14:19:36,4.5427397260274
2024-10-06 14:13:29,4.91815068493151
2024-10-06 14:13:30,4.53576864535769
2024-10-09 14:19:41,5.01013698630137
2024-10-10 02:30:50,5.03835616438356
2024-10-10 14:13:31,5.03013698630137
2024-10-10 14:41:26,5.09753424657534
2024-10-12 14:30:39,5.07157534246575
2024-10-13 02:41:15,5.07917808219178
2024-10-13 14:19:44,5.23013698630137
2024-10-14 14:13:32,5.2
2024-10-15 14:41:56,5.40328767123288
2024-10-17 14:19:46,5.42027397260274
2024-10-18 02:41:45,5.54986301369863
2024-10-18 14:13:33,5.46657534246575
2024-10-21 14:19:51,5.81917808219178
2024-10-22 14:13:37,5.6772602739726
