z6-21507,Port 1,Port 1,Port 1,Port 1,Port 1,Port 1,Port 1,Port 1,Port 1,Port 1,Port 1,Port 1,Port 1,Port 1,Port 7,Port 7,Port 8,Port 8
Records: 772,ATMOS 41,ATMOS 41,ATMOS 41,ATMOS 41,ATMOS 41,ATMOS 41,ATMOS 41,ATMOS 41,ATMOS 41,ATMOS 41,ATMOS 41,ATMOS 41,ATMOS 41,ATMOS 41,Battery,Battery,Barometer,Barometer
Timestamp,W/m² Solar Radiation,mm Precipitation, Lightning Activity,km Lightning Distance,° Wind Direction,m/s Wind Speed,m/s Gust Speed,°C Air Temperature,RH Relative Humidity,kPa Atmospheric Pressure,° X-axis Level,° Y-axis Level,mm/h Max Precip Rate,°C RH Sensor Temp,% Battery Percent,mV Battery Voltage,kPa Reference Pressure,°C Logger Temperature
15/08/2023 12:30,547.5,0.000,0,0,256,1.65,2.78,5.6,0.801,100.59,-1.6,0.6,0.0,11.4,100,8536,100.64,9.7
15/08/2023 13:00,598.8,0.000,0,0,261,1.92,2.75,5.6,0.803,100.60,-1.6,0.6,0.0,11.5,100,8565,100.64,10.2
12/07/2024 13:00,533.5,0.000,0,0,233,1.08,2.11,7.2,0.796,94.16,1.2,0.6,0.0,11.6,100,7969,93.77,13.5
12/07/2024 13:30,581.9,0.000,0,0,244,1.48,3.56,7.6,0.784,94.17,1.3,-0.6,0.0,12.4,100,7988,94.12,15.6
12/07/2024 14:00,498.0,0.000,0,0,233,2.00,5.11,7.4,0.776,94.21,1.3,-0.6,0.0,11.7,100,8004,94.23,14.4
12/07/2024 14:30,440.4,0.000,0,0,355,1.78,5.12,6.9,0.802,94.24,1.3,-0.6,0.0,10.4,100,8014,94.25,12.5
12/07/2024 15:00,233.7,0.000,0,0,8,1.72,4.52,6.3,0.822,94.25,1.3,-0.4,0.0,9.0,100,8014,94.25,10.6
12/07/2024 15:30,183.1,0.000,0,0,258,1.85,4.76,6.1,0.828,94.26,1.3,-0.6,0.0,7.7,100,8014,94.26,9.1
12/07/2024 16:00,157.4,0.000,0,0,16,1.42,3.26,5.8,0.850,94.25,1.3,-0.6,0.0,7.3,100,8014,94.25,8.3
12/07/2024 16:30,132.4,0.000,0,0,11,1.19,2.51,5.4,0.875,94.25,1.4,-0.5,0.0,6.8,100,8017,94.24,7.6
12/07/2024 17:00,106.7,0.153,0,0,7,1.12,2.93,5.4,0.906,94.25,1.3,-0.6,3.1,6.5,100,8016,94.24,7.1
12/07/2024 17:30,83.6,0.528,0,0,7,1.00,2.19,5.2,0.944,94.23,1.4,-0.6,5.1,6.2,100,8010,94.22,6.5
12/07/2024 18:00,53.5,0.562,0,0,9,1.26,2.32,4.9,0.952,94.21,1.3,-0.5,4.1,5.6,100,8010,94.20,5.8
12/07/2024 18:30,59.8,0.851,0,0,10,0.89,1.81,4.9,0.955,94.18,1.4,-0.6,4.1,5.4,100,8010,94.18,5.5
12/07/2024 19:00,80.6,0.698,0,0,7,1.37,3.13,4.9,0.968,94.15,1.4,-0.6,4.1,5.5,100,8010,94.15,5.5
12/07/2024 19:30,116.6,0.153,0,0,30,1.50,3.21,5.1,0.983,94.08,1.3,-0.6,2.0,5.7,100,8013,94.08,5.6
12/07/2024 20:00,93.9,0.068,0,0,20,2.73,4.89,4.9,0.989,94.04,1.4,-0.8,1.0,5.7,100,8008,94.04,5.6
12/07/2024 20:30,66.1,0.119,0,0,21,2.50,5.22,5.0,0.979,94.02,1.4,-0.9,2.0,5.4,100,8010,94.02,5.4
12/07/2024 21:00,46.4,0.136,0,0,24,1.39,3.06,5.3,0.947,93.98,1.3,-0.6,2.0,5.5,100,8010,93.98,5.3
12/07/2024 21:30,36.4,0.238,0,0,23,1.45,3.67,5.6,0.930,93.96,1.3,-0.5,3.1,5.8,100,8008,93.95,5.4
12/07/2024 22:00,28.6,0.187,0,0,36,0.75,2.29,5.4,0.958,93.92,1.3,-0.6,4.1,5.7,100,8007,93.92,5.4
12/07/2024 22:30,18.4,0.204,0,0,11,0.95,2.24,5.3,0.978,93.88,1.4,-0.7,2.0,5.6,100,8006,93.88,5.4
12/07/2024 23:00,9.3,0.170,0,0,19,1.06,2.38,5.1,0.980,93.83,1.4,-0.6,3.1,5.4,100,8004,93.83,5.2
12/07/2024 23:30,7.9,0.340,0,0,29,0.80,1.93,5.1,0.984,93.82,1.4,-0.6,4.1,5.4,100,8006,93.81,5.2
13/07/2024 00:00,2.3,0.306,0,0,21,0.97,2.49,4.8,0.989,93.80,1.4,-0.6,6.1,5.1,100,8002,93.80,4.9
13/07/2024 00:30,0.8,0.306,0,0,16,0.79,1.62,4.8,0.987,93.78,1.4,-0.6,9.2,5.0,100,7967,93.78,5.0
13/07/2024 01:00,0.0,0.102,0,0,51,0.90,2.16,5.2,0.973,93.74,1.4,-0.6,4.1,5.1,100,7971,93.74,5.2
13/07/2024 01:30,0.0,0.051,0,0,27,1.01,2.25,5.2,0.988,93.72,1.4,-0.6,1.0,5.3,100,7975,93.72,5.1
13/07/2024 02:00,0.0,0.085,0,0,194,1.28,2.25,5.1,0.996,93.70,1.4,-0.7,2.0,5.2,100,7975,93.71,5.0
13/07/2024 02:30,0.0,0.000,0,0,187,1.09,1.76,5.1,0.993,93.69,1.4,-0.6,0.0,5.2,100,7972,93.69,5.0
13/07/2024 03:00,0.0,0.000,0,0,193,0.83,2.14,5.1,0.993,93.67,1.4,-0.7,0.0,5.2,100,7975,93.67,4.9
13/07/2024 03:30,0.0,0.051,0,0,195,0.65,1.49,5.0,0.997,93.68,1.4,-0.6,2.0,5.1,100,7973,93.68,4.9
13/07/2024 04:00,0.0,0.051,0,0,232,1.15,2.50,4.9,0.996,93.66,1.5,-0.6,1.0,5.0,100,7969,93.67,4.8
13/07/2024 04:30,0.0,0.017,0,0,243,1.12,2.26,4.8,0.998,93.62,1.4,-0.6,1.0,4.9,100,7972,93.62,4.7
13/07/2024 05:00,0.0,0.000,0,0,234,1.52,3.17,4.7,1.000,93.62,1.5,-0.5,0.0,4.8,100,7972,93.62,4.6
13/07/2024 05:30,0.0,0.034,0,0,216,2.15,3.71,4.5,0.994,93.63,1.5,-0.8,1.0,4.6,100,7972,93.64,4.4
13/07/2024 06:00,0.8,0.017,0,0,206,2.29,4.78,4.5,0.996,93.64,1.3,-0.8,1.0,4.6,100,7968,93.64,4.3
13/07/2024 06:30,5.0,0.000,0,0,204,3.33,6.16,4.4,0.997,93.65,1.3,-0.7,0.0,4.5,100,7969,93.66,4.2
13/07/2024 07:00,9.2,0.000,0,0,216,2.90,5.12,4.3,0.998,93.69,1.6,-0.3,0.0,4.4,100,7966,93.70,4.1
13/07/2024 07:30,28.0,0.000,0,0,208,2.31,5.00,4.3,0.999,93.68,1.4,-0.7,0.0,4.4,100,7966,93.68,4.0
13/07/2024 08:00,48.1,0.000,0,0,213,2.79,5.57,4.0,1.000,93.69,1.2,-0.2,0.0,4.4,100,7965,93.70,4.0
13/07/2024 08:30,69.9,0.000,0,0,205,3.07,6.38,3.8,1.000,93.71,1.3,-0.8,0.0,4.3,100,7966,93.72,3.9
13/07/2024 09:00,60.1,0.034,0,0,220,3.24,6.70,3.9,0.998,93.74,1.6,-0.5,1.0,4.2,100,7965,93.75,3.9
13/07/2024 09:30,88.1,0.017,0,0,227,2.49,4.77,3.7,1.000,93.75,1.4,-0.6,1.0,4.1,100,7969,93.75,3.9
13/07/2024 10:00,141.4,0.017,0,0,237,2.19,4.46,3.6,1.000,93.74,1.1,-0.6,1.0,4.3,100,7971,93.75,4.0
13/07/2024 10:30,199.0,0.000,0,0,222,2.15,5.59,3.6,1.000,93.73,1.5,-0.6,0.0,4.6,100,7976,93.74,4.3
13/07/2024 11:00,219.2,0.017,0,0,234,2.16,5.76,3.6,0.998,93.73,1.4,-0.6,1.0,4.8,100,7984,93.74,4.6
13/07/2024 11:30,242.7,0.068,0,0,232,2.46,6.21,3.6,0.996,93.74,1.5,-0.5,1.0,4.8,100,7992,93.76,4.7
13/07/2024 12:00,210.0,0.000,0,0,220,2.66,5.86,3.4,0.999,93.76,1.1,-0.4,0.0,4.9,100,7997,93.78,4.8
13/07/2024 12:30,318.6,0.000,0,0,205,4.15,8.49,3.6,0.997,93.76,1.5,-0.5,0.0,5.0,100,8017,93.78,4.7
13/07/2024 13:00,350.0,0.017,0,0,207,4.72,7.52,3.8,0.997,93.77,1.3,-0.3,1.0,5.8,100,8030,93.79,5.2
13/07/2024 13:30,422.0,0.000,0,0,208,4.62,7.22,4.1,0.984,93.78,1.4,-0.5,0.0,6.2,100,8053,93.80,5.8
13/07/2024 14:00,408.4,0.000,0,0,204,5.01,7.46,4.3,0.930,93.80,1.9,-0.4,0.0,6.4,100,8067,93.82,6.3
13/07/2024 14:30,417.1,0.000,0,0,215,3.30,6.20,5.0,0.892,93.83,1.3,-0.7,0.0,7.1,100,8075,93.84,7.2
13/07/2024 15:00,359.4,0.000,0,0,214,3.56,5.90,5.1,0.874,93.84,1.4,-0.7,0.0,7.0,100,8082,93.85,7.2
13/07/2024 15:30,323.0,0.000,0,0,223,3.10,5.38,4.9,0.908,93.84,1.5,-0.4,0.0,6.6,100,8086,93.86,7.0
13/07/2024 16:00,314.4,0.017,0,0,232,2.42,4.71,4.6,0.947,93.85,1.3,-0.9,1.0,6.3,100,8091,93.86,6.7
13/07/2024 16:30,348.2,0.000,0,0,231,1.78,4.42,4.6,0.984,93.86,1.4,-0.8,0.0,6.4,100,8099,93.87,6.8
13/07/2024 17:00,266.7,0.000,0,0,305,1.07,2.42,4.7,0.994,93.87,1.5,-0.5,0.0,6.7,100,8098,93.88,7.0
13/07/2024 17:30,217.0,0.000,0,0,229,2.44,5.57,4.2,0.990,93.88,1.2,-0.8,0.0,6.1,100,8098,93.89,6.5
13/07/2024 18:00,236.5,0.000,0,0,222,2.31,4.43,4.1,0.988,93.87,1.2,-0.6,0.0,5.5,100,8102,93.88,5.9
13/07/2024 18:30,208.0,0.000,0,0,237,1.65,4.87,4.1,0.996,93.88,1.2,-0.7,0.0,5.6,100,8101,93.89,5.9
13/07/2024 19:00,238.1,0.000,0,0,343,1.19,3.76,4.0,0.995,93.89,1.3,-0.6,0.0,5.8,100,8106,93.90,6.0
13/07/2024 19:30,137.9,0.000,0,0,332,1.28,3.14,4.0,0.990,93.90,1.5,-0.9,0.0,5.5,100,8102,93.90,5.7
13/07/2024 20:00,144.1,0.017,0,0,193,1.71,3.31,3.6,0.985,93.90,1.5,-0.6,1.0,4.8,100,8104,93.90,5.0
13/07/2024 20:30,169.5,0.017,0,0,194,1.59,3.04,3.7,0.987,93.91,1.4,-0.8,1.0,4.7,100,8107,93.92,4.9
13/07/2024 21:00,142.8,0.017,0,0,213,1.74,3.40,3.9,0.988,93.92,1.5,-0.6,1.0,4.9,100,8106,93.92,5.0
13/07/2024 21:30,99.7,0.102,0,0,197,1.95,3.35,3.7,0.986,93.92,1.5,-0.7,1.0,4.5,100,8105,93.93,4.6
13/07/2024 22:00,96.4,0.034,0,0,202,1.72,3.98,3.6,0.990,93.93,1.3,-0.5,1.0,4.3,100,8103,93.94,4.4
13/07/2024 22:30,74.8,0.000,0,0,208,2.29,4.31,3.4,0.997,93.94,1.4,-0.5,0.0,4.0,100,8101,93.94,4.0
13/07/2024 23:00,53.2,0.000,0,0,215,1.55,3.69,3.4,0.999,93.95,1.5,-0.5,0.0,3.9,100,8098,93.96,3.8
13/07/2024 23:30,27.1,0.000,0,0,220,1.10,2.20,3.4,1.000,93.97,1.4,-0.6,0.0,3.8,100,8099,93.97,3.7
14/07/2024 00:00,11.5,0.000,0,0,237,0.69,1.80,3.3,0.995,93.97,1.4,-0.6,0.0,3.6,100,8096,93.97,3.4
14/07/2024 00:30,4.0,0.000,0,0,253,0.86,2.32,3.3,0.991,93.98,1.4,-0.6,0.0,3.5,100,8085,93.98,3.3
14/07/2024 01:00,1.0,0.000,0,0,241,0.78,1.95,3.2,0.986,93.97,1.5,-0.7,0.0,3.2,100,8057,93.98,3.1
14/07/2024 01:30,0.0,0.000,0,0,233,1.21,2.67,2.9,0.979,93.97,1.4,-0.5,0.0,2.8,100,8061,93.97,2.4
14/07/2024 02:00,0.0,0.000,0,0,10,0.65,2.26,2.9,0.973,93.97,1.4,-0.5,0.0,2.6,100,8063,93.97,2.1
14/07/2024 02:30,0.0,0.000,0,0,27,0.67,1.46,3.0,0.981,93.98,1.4,-0.6,0.0,2.8,100,8064,93.98,2.3
14/07/2024 03:00,0.0,0.000,0,0,223,0.75,2.09,2.8,0.992,93.98,1.4,-0.6,0.0,2.8,100,8061,93.98,2.2
14/07/2024 03:30,0.0,0.000,0,0,228,0.98,2.27,2.7,0.984,93.98,1.4,-0.6,0.0,2.5,100,8060,93.98,1.9
14/07/2024 04:00,0.0,0.000,0,0,230,0.81,1.85,2.6,0.982,93.97,1.4,-0.6,0.0,2.3,100,8059,93.97,1.6
14/07/2024 04:30,0.0,0.000,0,0,205,0.78,1.63,2.5,0.981,93.95,1.4,-0.6,0.0,2.3,100,8062,93.95,1.6
14/07/2024 05:00,0.0,0.000,0,0,223,0.96,1.71,2.4,0.973,93.94,1.4,-0.6,0.0,2.1,100,8060,93.94,1.2
14/07/2024 05:30,0.0,0.000,0,0,269,0.75,2.22,2.4,0.985,93.94,1.4,-0.6,0.0,2.3,100,8060,93.94,1.6
14/07/2024 06:00,2.0,0.000,0,0,233,1.13,2.33,2.2,0.998,93.95,1.3,-0.6,0.0,2.2,100,8059,93.95,1.6
14/07/2024 06:30,4.8,0.000,0,0,220,1.24,2.27,2.1,0.999,93.95,1.4,-0.6,0.0,2.2,100,8060,93.96,1.7
14/07/2024 07:00,8.8,0.000,0,0,273,0.76,1.72,2.2,0.997,93.97,1.3,-0.6,0.0,2.3,100,8055,93.98,1.8
14/07/2024 07:30,35.1,0.000,0,0,6,0.88,1.93,2.2,1.000,93.98,1.4,-0.6,0.0,2.4,100,8056,93.99,2.0
14/07/2024 08:00,65.8,0.034,0,0,5,1.15,2.13,2.3,1.000,93.99,1.4,-0.5,1.0,2.8,100,8058,94.00,2.3
14/07/2024 08:30,81.4,0.017,0,0,2,1.22,2.14,2.3,0.998,94.00,1.4,-0.6,1.0,2.8,100,8058,94.00,2.4
14/07/2024 09:00,178.7,0.000,0,0,17,1.14,2.15,2.4,1.000,94.00,1.4,-0.6,0.0,3.5,100,8065,94.01,2.9
14/07/2024 09:30,139.8,0.000,0,0,195,0.93,2.28,2.6,0.997,94.03,1.4,-0.6,0.0,4.1,100,8067,94.04,3.6
14/07/2024 10:00,164.4,0.000,0,0,177,0.89,2.11,2.7,1.000,94.04,1.4,-0.6,0.0,4.3,100,8074,94.05,3.8
14/07/2024 10:30,360.1,0.000,0,0,15,0.94,2.11,3.1,1.000,94.04,1.5,-0.6,0.0,5.9,100,8105,94.06,4.8
14/07/2024 11:00,319.4,0.000,0,0,31,1.44,3.55,3.5,0.993,94.05,1.4,-0.5,0.0,7.5,100,8117,94.07,6.3
14/07/2024 11:30,326.5,0.000,0,0,243,1.00,2.75,3.9,0.916,94.06,1.5,-0.6,0.0,7.0,100,8140,94.09,6.4
14/07/2024 12:00,615.6,0.000,0,0,268,1.11,2.51,4.9,0.952,94.08,1.5,-0.2,0.0,9.2,100,8209,94.04,11.4
14/07/2024 12:30,658.6,0.000,0,0,348,1.06,2.38,5.4,0.904,94.11,1.5,-0.7,0.0,11.0,100,8223,94.16,13.6
14/07/2024 13:00,724.3,0.000,0,0,2,1.50,2.73,5.1,0.795,94.11,1.5,-0.6,0.0,10.7,100,8247,94.17,12.5
14/07/2024 13:30,722.7,0.000,0,0,4,1.54,2.67,5.5,0.817,94.12,1.5,-0.5,0.0,10.8,100,8264,94.17,12.7
14/07/2024 14:00,726.3,0.000,0,0,357,1.64,2.92,5.7,0.761,94.13,1.6,-0.6,0.0,10.5,100,8290,94.18,12.7
14/07/2024 14:30,809.0,0.000,0,0,353,1.57,2.60,6.0,0.761,94.15,1.5,-0.6,0.0,11.0,100,8307,94.19,13.3
14/07/2024 15:00,822.1,0.000,0,0,0,1.73,3.57,6.6,0.723,94.15,1.5,-0.7,0.0,11.1,100,8327,94.19,13.6
14/07/2024 15:30,833.0,0.000,0,0,355,1.78,3.42,7.1,0.756,94.17,1.4,-0.4,0.0,11.4,100,8342,94.20,13.9
14/07/2024 16:00,821.2,0.000,0,0,358,1.66,3.14,7.8,0.692,94.18,1.6,-0.8,0.0,11.9,100,8358,94.21,14.3
14/07/2024 16:30,805.1,0.000,0,0,351,1.34,3.30,8.5,0.664,94.19,1.5,-0.7,0.0,12.4,100,8370,94.21,14.9
14/07/2024 17:00,782.9,0.000,0,0,332,1.40,3.80,9.5,0.631,94.20,1.6,-0.7,0.0,13.2,100,8381,94.22,15.5
14/07/2024 17:30,775.1,0.000,0,0,288,1.37,4.58,10.5,0.593,94.23,1.7,-0.9,0.0,14.1,100,8389,94.24,16.1
14/07/2024 18:00,588.6,0.000,0,0,231,2.28,5.08,10.0,0.591,94.26,1.3,-0.7,0.0,14.2,100,8384,94.26,16.0
14/07/2024 18:30,619.2,0.000,0,0,235,3.04,5.47,9.7,0.599,94.27,1.5,-0.6,0.0,13.1,100,8387,94.27,14.8
14/07/2024 19:00,619.3,0.000,0,0,235,2.84,5.45,9.4,0.637,94.29,1.3,-0.7,0.0,12.7,100,8387,94.29,14.1
14/07/2024 19:30,412.3,0.000,0,0,234,2.75,5.59,9.2,0.646,94.31,1.6,-0.5,0.0,12.3,100,8385,94.30,13.5
14/07/2024 20:00,418.9,0.000,0,0,219,2.73,5.01,9.1,0.642,94.33,1.7,-0.4,0.0,11.4,100,8377,94.33,12.4
14/07/2024 20:30,393.6,0.000,0,0,227,2.56,5.19,9.7,0.630,94.35,1.5,-0.4,0.0,12.4,100,8372,94.35,13.0
14/07/2024 21:00,338.4,0.000,0,0,241,1.61,4.45,9.7,0.632,94.37,1.4,-0.8,0.0,12.8,100,8368,94.36,13.1
14/07/2024 21:30,198.8,0.000,0,0,230,1.66,4.43,9.1,0.638,94.40,1.7,-0.6,0.0,12.0,100,8363,94.38,12.6
14/07/2024 22:00,218.2,0.000,0,0,230,2.07,4.60,8.6,0.643,94.41,1.7,-0.6,0.0,10.6,100,8359,94.40,11.3
14/07/2024 22:30,112.9,0.000,0,0,218,1.67,4.39,8.4,0.662,94.44,1.6,-0.7,0.0,10.0,100,8356,94.42,10.6
14/07/2024 23:00,55.7,0.000,0,0,13,1.17,2.52,7.9,0.684,94.46,1.6,-0.7,0.0,8.9,100,8351,94.44,9.3
14/07/2024 23:30,17.8,0.000,0,0,62,0.83,3.16,7.9,0.693,94.49,1.6,-0.6,0.0,8.4,100,8349,94.47,8.7
15/07/2024 00:00,8.6,0.000,0,0,16,1.46,2.79,7.5,0.716,94.51,1.5,-0.6,0.0,7.8,100,8345,94.49,7.9
15/07/2024 00:30,4.0,0.000,0,0,23,2.32,4.05,6.9,0.746,94.53,1.5,-0.7,0.0,7.1,100,8316,94.50,7.2
15/07/2024 01:00,0.3,0.000,0,0,33,1.78,3.94,6.7,0.768,94.55,1.6,-0.4,0.0,6.8,100,8301,94.53,7.2
15/07/2024 01:30,0.0,0.000,0,0,24,1.93,3.58,6.0,0.796,94.56,1.5,-0.8,0.0,6.3,100,8308,94.54,6.3
15/07/2024 02:00,0.0,0.000,0,0,1,1.81,3.74,4.8,0.845,94.57,1.5,-0.4,0.0,5.4,100,8302,94.55,5.4
15/07/2024 02:30,0.0,0.000,0,0,15,2.21,3.95,4.6,0.858,94.58,1.2,-0.6,0.0,4.9,100,8303,94.56,4.9
15/07/2024 03:00,0.0,0.000,0,0,25,2.41,4.23,4.5,0.866,94.59,1.4,-0.6,0.0,4.5,100,8302,94.57,4.4
15/07/2024 03:30,0.0,0.000,0,0,21,2.31,3.80,4.0,0.892,94.59,1.6,-0.7,0.0,4.3,100,8302,94.57,4.1
15/07/2024 04:00,0.0,0.000,0,0,12,1.96,3.65,3.7,0.920,94.59,1.5,-0.5,0.0,4.0,100,8300,94.57,3.9
15/07/2024 04:30,0.0,0.000,0,0,13,1.80,3.40,3.3,0.933,94.60,1.5,-0.7,0.0,3.6,100,8300,94.58,3.6
15/07/2024 05:00,0.0,0.000,0,0,13,1.97,3.23,3.2,0.932,94.60,1.5,-0.5,0.0,3.4,100,8298,94.59,3.4
15/07/2024 05:30,0.1,0.000,0,0,14,1.28,2.59,3.3,0.924,94.61,1.5,-0.7,0.0,3.3,100,8296,94.60,3.2
15/07/2024 06:00,2.7,0.000,0,0,72,0.89,2.05,3.3,0.920,94.61,1.5,-0.7,0.0,3.1,100,8296,94.59,2.6
15/07/2024 06:30,8.7,0.000,0,0,130,0.61,1.30,3.1,0.928,94.62,1.5,-0.6,0.0,2.8,100,8295,94.60,2.1
15/07/2024 07:00,22.0,0.000,0,0,119,0.66,1.65,3.1,0.942,94.63,1.5,-0.6,0.0,2.8,100,8290,94.61,2.0
15/07/2024 07:30,46.3,0.000,0,0,21,0.86,1.76,3.0,0.955,94.64,1.5,-0.6,0.0,3.0,100,8294,94.63,2.3
15/07/2024 08:00,76.5,0.000,0,0,39,0.56,1.58,3.2,0.974,94.65,1.5,-0.6,0.0,3.5,100,8292,94.64,2.9
15/07/2024 08:30,151.6,0.000,0,0,12,1.09,2.48,3.3,0.983,94.65,1.5,-0.7,0.0,4.5,100,8297,94.64,3.7
15/07/2024 09:00,253.8,0.000,0,0,191,1.22,2.39,3.8,0.985,94.65,1.6,-0.5,0.0,6.5,100,8314,94.66,5.6
15/07/2024 09:30,297.5,0.000,0,0,126,0.84,2.23,4.6,0.934,94.67,1.5,-0.7,0.0,8.7,100,8328,94.68,7.2
15/07/2024 10:00,329.0,0.000,0,0,186,1.15,2.73,4.5,0.917,94.67,1.6,-0.7,0.0,8.9,100,8344,94.69,7.8
15/07/2024 10:30,423.5,0.000,0,0,205,1.06,2.54,5.1,0.853,94.67,1.6,-0.6,0.0,9.7,100,8368,94.69,8.7
15/07/2024 11:00,473.9,0.000,0,0,13,1.23,1.93,5.3,0.773,94.66,1.6,-0.7,0.0,10.9,100,8396,94.69,9.7
15/07/2024 11:30,497.6,0.000,0,0,22,1.31,2.88,5.7,0.740,94.65,1.7,-0.8,0.0,11.1,100,8422,94.67,10.4
15/07/2024 12:00,608.4,0.000,0,0,10,1.77,2.84,5.3,0.694,94.63,1.5,-0.5,0.0,11.2,100,8443,94.66,11.0
15/07/2024 12:30,660.1,0.000,0,0,317,1.36,2.89,6.1,0.697,94.63,1.6,-0.5,0.0,11.5,100,8456,94.67,12.0
15/07/2024 13:00,709.5,0.000,0,0,292,1.10,2.73,7.3,0.714,94.64,1.6,-0.5,0.0,13.3,100,8472,94.67,13.9
15/07/2024 13:30,710.5,0.000,0,0,339,1.08,2.54,7.9,0.675,94.65,1.7,-0.6,0.0,14.1,100,8482,94.68,14.9
15/07/2024 14:00,732.2,0.000,0,0,259,1.41,3.80,8.7,0.639,94.67,1.8,-0.8,0.0,14.8,100,8492,94.69,16.3
15/07/2024 14:30,844.5,0.000,0,0,235,2.29,5.31,8.7,0.679,94.67,1.6,-0.8,0.0,14.4,100,8504,94.69,16.6
15/07/2024 15:00,841.7,0.000,0,0,221,2.94,7.43,9.0,0.677,94.67,1.8,-0.7,0.0,13.8,100,8516,94.69,16.3
15/07/2024 15:30,742.8,0.000,0,0,219,3.30,7.42,9.1,0.654,94.68,1.4,-0.4,0.0,13.6,100,8517,94.69,16.0
15/07/2024 16:00,793.3,0.000,0,0,219,3.42,6.32,9.2,0.625,94.68,1.5,-0.9,0.0,13.0,100,8531,94.69,15.3
15/07/2024 16:30,842.3,0.000,0,0,212,3.58,6.16,9.4,0.614,94.68,1.8,-0.6,0.0,13.2,100,8540,94.69,15.5
15/07/2024 17:00,736.0,0.000,0,0,214,3.86,7.30,9.7,0.601,94.70,1.6,-0.8,0.0,13.1,100,8538,94.70,15.3
15/07/2024 17:30,797.7,0.000,0,0,223,3.68,6.67,10.2,0.593,94.71,2.3,-0.7,0.0,13.3,100,8544,94.71,15.3
15/07/2024 18:00,726.8,0.000,0,0,224,3.60,6.08,10.1,0.584,94.71,1.3,-0.9,0.0,13.5,100,8545,94.71,15.2
15/07/2024 18:30,691.5,0.000,0,0,218,3.65,6.89,10.0,0.579,94.71,2.1,-0.5,0.0,13.2,100,8542,94.71,14.9
15/07/2024 19:00,631.6,0.000,0,0,225,3.44,6.24,10.2,0.570,94.73,1.5,-0.6,0.0,13.4,100,8529,94.72,14.9
15/07/2024 19:30,229.6,0.000,0,0,234,2.93,5.31,9.2,0.582,94.75,1.8,-0.6,0.0,11.9,100,8512,94.73,13.5
15/07/2024 20:00,124.1,0.000,0,0,227,2.75,5.01,8.6,0.593,94.77,1.7,-0.6,0.0,10.0,100,8501,94.76,11.5
15/07/2024 20:30,114.7,0.000,0,0,221,1.94,4.34,8.4,0.606,94.79,1.6,-0.7,0.0,9.5,100,8494,94.77,10.5
15/07/2024 21:00,94.7,0.000,0,0,236,1.40,3.99,8.4,0.613,94.81,1.6,-0.7,0.0,9.4,100,8488,94.79,10.2
15/07/2024 21:30,93.5,0.000,0,0,233,0.94,3.02,8.3,0.649,94.81,1.6,-0.7,0.0,9.3,100,8482,94.79,9.9
15/07/2024 22:00,88.3,0.000,0,0,29,0.94,2.58,8.0,0.672,94.82,1.7,-0.6,0.0,8.9,100,8475,94.80,9.1
15/07/2024 22:30,72.1,0.000,0,0,327,0.87,2.54,8.0,0.656,94.83,1.7,-0.7,0.0,8.5,100,8468,94.81,8.5
15/07/2024 23:00,83.0,0.000,0,0,353,0.88,2.07,7.9,0.656,94.85,1.6,-0.7,0.0,8.2,100,8464,94.83,7.9
15/07/2024 23:30,25.9,0.000,0,0,17,1.04,2.47,7.6,0.679,94.87,1.7,-0.8,0.0,7.9,100,8458,94.84,7.2
16/07/2024 00:00,19.9,0.000,0,0,16,1.50,2.53,7.1,0.687,94.89,1.6,-0.6,0.0,7.3,100,8456,94.86,6.8
16/07/2024 00:30,6.7,0.000,0,0,16,1.49,2.80,7.0,0.705,94.91,1.6,-0.7,0.0,6.9,100,8398,94.89,6.8
16/07/2024 01:00,1.0,0.000,0,0,25,1.48,2.63,6.8,0.719,94.94,1.6,-0.7,0.0,6.7,100,8407,94.92,6.7
16/07/2024 01:30,0.0,0.000,0,0,27,1.41,3.09,6.3,0.748,94.95,1.7,-0.7,0.0,6.3,100,8407,94.93,6.0
16/07/2024 02:00,0.0,0.000,0,0,18,1.73,3.05,6.1,0.751,94.96,1.6,-0.7,0.0,5.9,100,8410,94.93,5.5
16/07/2024 02:30,0.0,0.000,0,0,57,0.63,1.12,5.8,0.762,94.97,1.6,-0.7,0.0,5.3,100,8410,94.95,4.7
16/07/2024 03:00,0.0,0.000,0,0,130,0.49,1.34,5.5,0.747,94.97,1.5,-0.7,0.0,4.8,100,8403,94.94,4.0
16/07/2024 03:30,0.0,0.000,0,0,157,0.71,2.33,5.3,0.786,94.97,1.6,-0.7,0.0,4.6,100,8403,94.94,3.6
16/07/2024 04:00,0.0,0.000,0,0,70,0.53,1.10,5.2,0.737,94.98,1.6,-0.7,0.0,4.3,100,8401,94.96,3.3
16/07/2024 04:30,0.0,0.000,0,0,62,0.60,1.25,5.2,0.733,94.99,1.5,-0.7,0.0,4.2,100,8400,94.96,3.1
16/07/2024 05:00,0.0,0.000,0,0,66,0.68,1.65,5.2,0.665,95.00,1.6,-0.6,0.0,4.1,100,8400,94.97,2.9
16/07/2024 05:30,0.0,0.000,0,0,82,0.69,1.56,5.3,0.669,95.00,1.6,-0.6,0.0,4.2,100,8397,94.97,3.0
16/07/2024 06:00,2.3,0.000,0,0,62,0.62,1.26,5.0,0.688,95.02,1.5,-0.6,0.0,4.1,100,8396,94.99,2.9
16/07/2024 06:30,7.3,0.000,0,0,130,0.33,0.82,4.8,0.694,95.04,1.6,-0.7,0.0,3.9,100,8393,95.01,2.5
16/07/2024 07:00,13.5,0.000,0,0,111,0.48,1.15,4.5,0.760,95.06,1.6,-0.7,0.0,3.7,100,8393,95.03,2.3
16/07/2024 07:30,19.1,0.000,0,0,35,0.86,2.45,4.8,0.691,95.07,1.5,-0.7,0.0,3.8,100,8390,95.05,2.5
16/07/2024 08:00,24.0,0.000,0,0,139,0.56,1.77,4.5,0.709,95.10,1.6,-0.7,0.0,4.0,100,8389,95.07,2.5
16/07/2024 08:30,84.5,0.000,0,0,96,0.57,1.42,4.7,0.720,95.11,1.6,-0.7,0.0,4.4,100,8395,95.09,3.0
16/07/2024 09:00,213.5,0.000,0,0,177,0.96,2.04,5.8,0.702,95.12,1.6,-0.6,0.0,7.7,100,8406,95.12,6.1
16/07/2024 09:30,289.0,0.000,0,0,311,0.49,1.22,6.8,0.633,95.14,1.6,-0.7,0.0,10.5,100,8425,95.15,8.4
16/07/2024 10:00,360.4,0.000,0,0,181,1.73,4.03,6.7,0.614,95.15,1.6,-0.6,0.0,11.6,100,8447,95.17,9.5
16/07/2024 10:30,425.6,0.000,0,0,47,1.68,4.87,6.8,0.570,95.16,1.6,-0.7,0.0,11.4,100,8471,95.18,9.8
16/07/2024 11:00,488.5,0.000,0,0,184,1.52,3.80,7.6,0.524,95.16,1.6,-0.6,0.0,12.0,100,8500,95.18,10.9
16/07/2024 11:30,501.0,0.000,0,0,188,2.68,4.40,7.8,0.509,95.16,1.8,-0.7,0.0,12.5,100,8525,95.19,12.1
16/07/2024 12:00,608.4,0.000,0,0,189,1.77,3.45,8.5,0.496,95.17,1.8,-0.5,0.0,13.2,100,8548,95.20,13.0
16/07/2024 12:30,661.7,0.000,0,0,357,1.06,1.97,8.3,0.502,95.19,1.7,-0.7,0.0,14.5,100,8562,95.22,14.3
16/07/2024 13:00,706.6,0.000,0,0,14,1.54,2.39,8.4,0.462,95.22,1.8,-0.7,0.0,14.2,100,8573,95.24,14.9
16/07/2024 13:30,703.3,0.000,0,0,1,1.23,2.15,9.5,0.413,95.23,1.8,-0.7,0.0,14.8,100,8578,95.26,16.3
16/07/2024 14:00,725.4,0.000,0,0,248,2.00,5.15,10.8,0.426,95.24,1.7,-0.6,0.0,16.1,100,8579,95.26,18.0
16/07/2024 14:30,801.8,0.000,0,0,238,2.24,4.72,11.3,0.464,95.25,1.8,-0.6,0.0,16.3,100,8580,95.26,18.4
16/07/2024 15:00,811.4,0.000,0,0,232,2.95,6.44,11.3,0.461,95.27,1.9,-0.7,0.0,16.0,100,8579,95.28,18.4
16/07/2024 15:30,816.6,0.000,0,0,236,2.94,5.67,11.7,0.445,95.28,1.8,-0.7,0.0,15.7,100,8580,95.28,18.2
16/07/2024 16:00,813.9,0.000,0,0,237,2.80,6.84,11.5,0.459,95.28,1.5,-0.8,0.0,15.6,100,8583,95.28,18.1
16/07/2024 16:30,800.9,0.000,0,0,231,3.08,6.77,12.0,0.454,95.27,2.0,-0.7,0.0,15.7,100,8584,95.26,18.1
16/07/2024 17:00,780.2,0.000,0,0,235,3.02,5.95,12.1,0.453,95.26,1.9,-0.5,0.0,15.7,100,8580,95.25,17.9
16/07/2024 17:30,752.0,0.000,0,0,238,2.43,5.11,12.3,0.465,95.26,2.1,-0.7,0.0,16.0,100,8576,95.25,18.1
16/07/2024 18:00,729.8,0.000,0,0,253,1.96,5.60,12.4,0.467,95.26,1.7,-0.9,0.0,16.1,100,8572,95.24,18.0
16/07/2024 18:30,649.5,0.000,0,0,253,2.09,4.89,12.2,0.468,95.27,1.5,-0.9,0.0,16.2,100,8560,95.25,17.9
16/07/2024 19:00,614.0,0.000,0,0,227,2.27,5.45,12.5,0.461,95.27,1.7,-0.6,0.0,16.1,100,8548,95.26,17.6
16/07/2024 19:30,514.4,0.000,0,0,215,3.17,7.23,12.4,0.463,95.28,1.9,-0.6,0.0,15.7,100,8531,95.26,17.0
16/07/2024 20:00,431.9,0.000,0,0,224,2.58,5.38,12.5,0.464,95.27,1.7,-0.7,0.0,15.3,100,8513,95.25,16.4
16/07/2024 20:30,357.6,0.000,0,0,228,2.76,5.18,12.1,0.472,95.28,1.8,-0.5,0.0,15.0,100,8502,95.27,15.8
16/07/2024 21:00,294.0,0.000,0,0,233,2.54,5.00,11.9,0.467,95.29,1.8,-0.7,0.0,14.5,100,8490,95.27,15.2
16/07/2024 21:30,237.8,0.000,0,0,226,2.26,4.79,11.4,0.473,95.31,1.8,-0.7,0.0,14.0,100,8479,95.28,14.5
16/07/2024 22:00,189.3,0.000,0,0,225,2.15,6.35,10.9,0.481,95.32,1.5,-0.8,0.0,12.8,100,8472,95.30,13.4
16/07/2024 22:30,144.8,0.000,0,0,225,1.62,5.62,10.9,0.484,95.34,1.6,-0.7,0.0,12.3,100,8463,95.31,12.6
16/07/2024 23:00,96.9,0.000,0,0,245,1.06,3.79,10.6,0.491,95.36,1.7,-0.8,0.0,11.7,100,8458,95.33,10.9
16/07/2024 23:30,18.6,0.000,0,0,8,1.67,3.48,10.2,0.492,95.38,1.6,-0.6,0.0,10.5,100,8450,95.34,9.8
17/07/2024 00:00,11.8,0.000,0,0,12,1.73,3.07,9.3,0.489,95.40,1.7,-0.5,0.0,9.4,100,8447,95.37,9.1
17/07/2024 00:30,5.2,0.000,0,0,4,1.48,2.44,8.8,0.500,95.43,1.7,-0.8,0.0,8.6,100,8441,95.39,8.3
17/07/2024 01:00,1.0,0.000,0,0,20,1.41,2.59,8.4,0.513,95.43,1.7,-0.7,0.0,8.1,100,8402,95.40,8.0
17/07/2024 01:30,0.0,0.000,0,0,93,0.75,2.42,8.4,0.529,95.44,1.7,-0.7,0.0,7.8,100,8404,95.40,7.2
17/07/2024 02:00,0.0,0.000,0,0,95,0.70,1.50,8.3,0.540,95.45,1.7,-0.6,0.0,7.6,100,8405,95.41,6.8
17/07/2024 02:30,0.0,0.000,0,0,42,0.93,1.86,8.4,0.530,95.45,1.7,-0.6,0.0,7.5,100,8401,95.41,6.7
17/07/2024 03:00,0.0,0.000,0,0,43,1.28,1.97,8.5,0.535,95.46,1.6,-0.6,0.0,7.7,100,8403,95.42,6.8
17/07/2024 03:30,0.0,0.000,0,0,45,0.76,1.33,8.4,0.582,95.47,1.6,-0.7,0.0,7.7,100,8401,95.43,6.6
17/07/2024 04:00,0.0,0.000,0,0,44,0.62,2.02,8.1,0.623,95.46,1.6,-0.7,0.0,7.3,100,8400,95.42,6.2
17/07/2024 04:30,0.0,0.000,0,0,83,0.85,1.39,8.0,0.608,95.45,1.6,-0.6,0.0,7.0,100,8398,95.41,6.0
17/07/2024 05:00,0.0,0.000,0,0,29,1.48,3.22,8.0,0.622,95.45,1.7,-0.8,0.0,7.4,100,8397,95.42,6.4
17/07/2024 05:30,0.0,0.000,0,0,62,0.86,2.47,8.0,0.572,95.45,1.6,-0.6,0.0,7.5,100,8393,95.41,6.5
17/07/2024 06:00,1.2,0.000,0,0,52,0.75,1.48,8.2,0.569,95.44,1.6,-0.7,0.0,7.5,100,8393,95.41,6.6
17/07/2024 06:30,7.3,0.000,0,0,193,0.49,1.16,8.0,0.574,95.45,1.7,-0.7,0.0,7.5,100,8391,95.41,6.4
17/07/2024 07:00,16.6,0.000,0,0,19,0.87,1.63,7.5,0.604,95.46,1.6,-0.7,0.0,7.2,100,8390,95.43,6.2
17/07/2024 07:30,35.7,0.000,0,0,106,0.25,0.81,7.4,0.610,95.48,1.6,-0.7,0.0,7.0,100,8388,95.45,6.1
17/07/2024 08:00,30.0,0.000,0,0,137,0.84,1.95,7.7,0.606,95.50,1.6,-0.7,0.0,7.1,100,8385,95.47,6.2
17/07/2024 08:30,80.6,0.000,0,0,115,0.51,1.59,7.8,0.618,95.50,1.7,-0.7,0.0,7.7,100,8387,95.48,6.7
17/07/2024 09:00,133.7,0.000,0,0,132,0.48,1.09,8.3,0.615,95.51,1.7,-0.7,0.0,8.9,100,8390,95.49,7.9
17/07/2024 09:30,200.3,0.000,0,0,186,0.98,2.48,8.8,0.604,95.51,1.6,-0.6,0.0,10.5,100,8402,95.50,9.4
17/07/2024 10:00,287.9,0.000,0,0,53,1.32,2.95,8.6,0.620,95.50,1.7,-0.6,0.0,11.6,100,8423,95.50,10.2
17/07/2024 10:30,417.0,0.000,0,0,49,0.85,2.22,9.2,0.604,95.49,1.8,-0.7,0.0,13.5,100,8453,95.51,11.9
17/07/2024 11:00,477.0,0.000,0,0,192,1.21,2.97,9.6,0.586,95.49,1.8,-0.6,0.0,14.7,100,8482,95.51,13.6
17/07/2024 11:30,491.9,0.000,0,0,231,1.20,3.12,9.6,0.577,95.48,1.7,-0.6,0.0,15.4,100,8505,95.51,14.8
17/07/2024 12:00,596.7,0.000,0,0,347,1.40,4.08,9.4,0.579,95.48,1.8,-0.8,0.0,15.4,100,8530,95.51,15.4
17/07/2024 12:30,652.5,0.000,0,0,2,1.25,2.13,9.2,0.571,95.48,1.7,-0.8,0.0,15.1,100,8551,95.51,15.7
17/07/2024 13:00,694.1,0.000,0,0,255,1.31,2.99,10.3,0.546,95.47,1.8,-0.7,0.0,16.1,100,8566,95.50,17.3
17/07/2024 13:30,687.6,0.000,0,0,264,1.23,4.05,10.8,0.540,95.47,1.8,-0.6,0.0,16.7,100,8574,95.49,18.2
17/07/2024 14:00,709.0,0.000,0,0,280,1.23,1.73,11.0,0.552,95.46,1.8,-0.8,0.0,17.1,100,8602,95.42,19.0
17/07/2024 14:30,783.6,0.000,0,0,334,1.07,3.12,10.7,0.563,95.47,1.9,-0.7,0.0,17.0,100,8585,95.44,20.2
17/07/2024 15:00,797.1,0.000,0,0,340,1.10,2.89,10.6,0.576,95.47,1.9,-0.6,0.0,16.4,100,8580,95.47,19.5
17/07/2024 15:30,803.8,0.000,0,0,358,1.41,2.92,10.8,0.577,95.47,1.9,-0.6,0.0,16.1,100,8580,95.47,19.2
17/07/2024 16:00,804.3,0.000,0,0,357,1.31,2.70,11.1,0.572,95.46,1.8,-0.7,0.0,15.9,100,8579,95.46,19.3
17/07/2024 16:30,785.2,0.000,0,0,348,1.25,3.30,11.6,0.568,95.46,1.8,-0.7,0.0,16.4,100,8575,95.45,19.6
17/07/2024 17:00,804.4,0.000,0,0,346,1.24,3.25,12.1,0.548,95.46,1.7,-0.7,0.0,16.6,100,8571,95.45,19.6
17/07/2024 17:30,637.6,0.000,0,0,352,1.35,2.68,12.2,0.553,95.46,1.8,-0.6,0.0,16.8,100,8551,95.45,19.7
17/07/2024 18:00,320.7,0.000,0,0,2,1.18,3.09,11.4,0.558,95.46,1.8,-0.7,0.0,15.5,100,8534,95.44,18.1
17/07/2024 18:30,341.0,0.000,0,0,219,1.22,3.27,11.3,0.554,95.45,1.7,-0.6,0.0,14.3,100,8527,95.44,16.6
17/07/2024 19:00,394.9,0.000,0,0,310,1.14,3.09,12.0,0.553,95.45,1.7,-0.7,0.0,14.9,100,8518,95.44,16.6
17/07/2024 19:30,335.2,0.000,0,0,336,1.19,2.47,12.2,0.548,95.46,1.8,-0.7,0.0,15.3,100,8513,95.45,16.5
17/07/2024 20:00,248.6,0.000,0,0,356,0.98,2.97,12.0,0.538,95.47,1.8,-0.7,0.0,14.6,100,8503,95.45,15.8
17/07/2024 20:30,200.8,0.000,0,0,314,0.80,1.84,12.2,0.515,95.47,1.8,-0.7,0.0,14.3,100,8495,95.45,15.5
17/07/2024 21:00,208.8,0.000,0,0,315,0.73,2.69,12.4,0.511,95.46,1.8,-0.7,0.0,14.4,100,8486,95.44,15.1
17/07/2024 21:30,205.4,0.000,0,0,228,0.97,2.48,12.4,0.504,95.45,1.7,-0.7,0.0,14.5,100,8478,95.44,15.2
17/07/2024 22:00,210.1,0.000,0,0,355,0.84,1.91,12.4,0.510,95.46,1.8,-0.6,0.0,14.4,100,8472,95.44,15.0
17/07/2024 22:30,136.4,0.000,0,0,346,0.84,2.18,12.3,0.517,95.47,1.7,-0.7,0.0,14.3,100,8462,95.45,14.9
17/07/2024 23:00,85.2,0.000,0,0,3,1.06,2.27,11.6,0.528,95.47,1.7,-0.7,0.0,13.0,100,8454,95.44,13.1
17/07/2024 23:30,40.1,0.000,0,0,337,0.72,1.50,11.2,0.540,95.47,1.8,-0.7,0.0,11.9,100,8447,95.45,12.2
18/07/2024 00:00,14.0,0.000,0,0,7,1.10,1.92,10.6,0.562,95.48,1.7,-0.7,0.0,10.8,100,8442,95.46,11.0
18/07/2024 00:30,4.5,0.000,0,0,108,0.65,1.34,10.1,0.582,95.48,1.7,-0.7,0.0,10.0,100,8432,95.45,9.9
18/07/2024 01:00,0.7,0.000,0,0,81,0.54,1.39,9.8,0.585,95.48,1.7,-0.7,0.0,9.3,100,8396,95.46,9.2
18/07/2024 01:30,0.0,0.000,0,0,171,1.10,2.26,9.7,0.580,95.49,1.7,-0.6,0.0,9.1,100,8398,95.47,8.6
18/07/2024 02:00,0.0,0.000,0,0,42,1.06,2.34,9.7,0.582,95.50,1.7,-0.6,0.0,9.1,100,8399,95.47,8.4
18/07/2024 02:30,0.0,0.000,0,0,42,0.85,1.56,9.6,0.596,95.52,1.7,-0.7,0.0,9.0,100,8400,95.49,8.3
18/07/2024 03:00,0.0,0.000,0,0,38,0.48,1.52,9.5,0.608,95.50,1.7,-0.6,0.0,9.0,100,8396,95.48,8.4
18/07/2024 03:30,0.0,0.000,0,0,37,0.98,2.56,9.6,0.613,95.49,1.7,-0.7,0.0,9.2,100,8395,95.46,8.6
18/07/2024 04:00,0.0,0.000,0,0,22,1.28,2.27,9.8,0.611,95.48,1.7,-0.7,0.0,9.6,100,8395,95.46,9.1
18/07/2024 04:30,0.0,0.000,0,0,27,0.96,2.14,10.0,0.612,95.48,1.7,-0.7,0.0,9.8,100,8390,95.45,9.4
18/07/2024 05:00,0.0,0.000,0,0,13,0.60,1.24,9.7,0.614,95.47,1.7,-0.6,0.0,9.7,100,8393,95.45,9.4
18/07/2024 05:30,0.0,0.000,0,0,18,0.75,1.80,9.6,0.595,95.47,1.7,-0.7,0.0,9.6,100,8388,95.44,9.3
18/07/2024 06:00,0.2,0.000,0,0,57,0.44,1.25,9.5,0.616,95.46,1.7,-0.7,0.0,9.5,100,8385,95.44,9.2
18/07/2024 06:30,4.5,0.000,0,0,27,1.01,1.81,9.3,0.617,95.47,1.7,-0.6,0.0,9.3,100,8384,95.44,9.0
18/07/2024 07:00,12.9,0.000,0,0,151,1.03,2.27,9.0,0.630,95.46,1.7,-0.7,0.0,9.0,100,8381,95.44,8.6
18/07/2024 07:30,27.1,0.000,0,0,42,1.11,1.94,8.9,0.632,95.45,1.7,-0.7,0.0,8.9,100,8380,95.43,8.5
18/07/2024 08:00,37.7,0.000,0,0,161,0.62,1.95,9.1,0.645,95.46,1.7,-0.6,0.0,9.2,100,8379,95.44,8.8
18/07/2024 08:30,55.1,0.000,0,0,162,0.58,1.52,9.3,0.646,95.46,1.7,-0.7,0.0,9.5,100,8377,95.44,9.2
18/07/2024 09:00,123.3,0.000,0,0,185,0.80,1.84,9.3,0.676,95.46,1.7,-0.6,0.0,10.1,100,8383,95.45,9.7
18/07/2024 09:30,298.0,0.000,0,0,29,0.78,1.90,9.8,0.671,95.45,1.8,-0.6,0.0,13.1,100,8404,95.46,11.8
18/07/2024 10:00,140.2,0.000,0,0,176,0.69,2.15,9.9,0.648,95.49,1.7,-0.7,0.0,12.2,100,8399,95.48,12.2
18/07/2024 10:30,121.9,0.000,0,0,34,1.05,1.87,9.5,0.642,95.51,1.7,-0.7,0.0,11.0,100,8394,95.50,11.5
18/07/2024 11:00,204.0,0.000,0,0,200,0.95,2.21,9.5,0.651,95.51,1.7,-0.6,0.0,11.0,100,8400,95.50,11.3
18/07/2024 11:30,195.5,0.000,0,0,203,0.87,2.46,9.7,0.637,95.52,1.7,-0.7,0.0,11.6,100,8403,95.52,11.9
18/07/2024 12:00,135.6,0.000,0,0,183,1.02,2.62,9.9,0.635,95.53,1.7,-0.7,0.0,11.2,100,8403,95.52,11.7
18/07/2024 12:30,232.9,0.000,0,0,188,1.30,2.99,10.2,0.631,95.53,1.8,-0.6,0.0,11.6,100,8406,95.52,12.0
18/07/2024 13:00,365.9,0.000,0,0,191,1.77,3.82,9.9,0.642,95.54,1.7,-0.6,0.0,12.2,100,8422,95.54,12.5
18/07/2024 13:30,377.4,0.000,0,0,309,1.10,2.96,10.8,0.609,95.56,1.8,-0.7,0.0,13.7,100,8431,95.56,14.0
18/07/2024 14:00,458.1,0.000,0,0,18,1.13,2.37,10.9,0.606,95.56,1.6,-0.6,0.0,14.3,100,8453,95.56,14.5
18/07/2024 14:30,331.6,0.000,0,0,169,1.04,2.45,11.4,0.582,95.58,1.8,-0.8,0.0,14.5,100,8454,95.57,15.4
18/07/2024 15:00,388.8,0.000,0,0,186,1.05,2.50,11.9,0.570,95.58,1.9,-0.8,0.0,14.9,100,8459,95.58,15.9
18/07/2024 15:30,396.5,0.000,0,0,192,1.10,2.77,12.4,0.560,95.58,1.8,-0.6,0.0,15.6,100,8466,95.58,16.5
18/07/2024 16:00,395.2,0.000,0,0,29,0.89,2.68,12.9,0.536,95.58,1.9,-0.7,0.0,16.2,100,8468,95.57,17.1
18/07/2024 16:30,362.6,0.000,0,0,190,1.37,3.04,12.9,0.541,95.59,1.8,-0.6,0.0,16.1,100,8466,95.58,17.3
18/07/2024 17:00,328.9,0.000,0,0,208,1.40,2.75,12.8,0.535,95.60,1.8,-0.6,0.0,15.7,100,8466,95.59,17.1
18/07/2024 17:30,236.6,0.000,0,0,219,1.66,3.30,12.3,0.531,95.61,1.7,-0.7,0.0,14.7,100,8462,95.60,16.0
18/07/2024 18:00,234.5,0.000,0,0,234,1.93,3.46,12.0,0.534,95.62,2.1,-0.7,0.0,14.0,100,8457,95.61,15.2
18/07/2024 18:30,237.9,0.000,0,0,243,1.49,3.49,12.0,0.540,95.64,1.7,-0.8,0.0,14.0,100,8455,95.63,14.9
18/07/2024 19:00,271.2,0.000,0,0,305,1.34,2.67,11.6,0.552,95.64,1.7,-0.7,0.0,13.8,100,8453,95.63,14.6
18/07/2024 19:30,219.3,0.000,0,0,13,1.00,2.22,11.5,0.559,95.66,1.8,-0.6,0.0,13.5,100,8451,95.65,14.2
18/07/2024 20:00,187.3,0.000,0,0,42,0.86,2.38,11.8,0.549,95.67,1.8,-0.7,0.0,13.6,100,8448,95.66,14.2
18/07/2024 20:30,173.6,0.000,0,0,160,0.78,1.85,11.8,0.557,95.69,1.7,-0.7,0.0,13.5,100,8446,95.67,14.1
18/07/2024 21:00,132.2,0.000,0,0,171,0.98,3.47,11.7,0.566,95.70,1.7,-0.7,0.0,13.1,100,8441,95.69,13.7
18/07/2024 21:30,125.1,0.000,0,0,49,1.00,2.50,11.5,0.576,95.71,1.8,-0.6,0.0,12.6,100,8435,95.70,13.1
18/07/2024 22:00,100.3,0.000,0,0,14,1.06,2.50,11.4,0.572,95.73,1.7,-0.6,0.0,12.4,100,8431,95.71,12.7
18/07/2024 22:30,45.0,0.000,0,0,197,0.36,1.40,11.3,0.584,95.73,1.7,-0.7,0.0,11.8,100,8422,95.72,12.0
18/07/2024 23:00,64.4,0.000,0,0,105,0.40,1.28,11.1,0.584,95.73,1.7,-0.7,0.0,11.2,100,8418,95.71,10.9
18/07/2024 23:30,18.9,0.000,0,0,108,0.35,0.74,11.1,0.581,95.75,1.7,-0.7,0.0,10.9,100,8413,95.72,10.2
19/07/2024 00:00,11.3,0.000,0,0,73,0.40,1.22,10.9,0.589,95.76,1.7,-0.7,0.0,10.4,100,8408,95.74,9.7
19/07/2024 00:30,4.4,0.000,0,0,60,0.50,1.12,10.5,0.601,95.78,1.7,-0.6,0.0,9.9,100,8371,95.76,9.2
19/07/2024 01:00,0.5,0.000,0,0,48,0.82,1.79,10.3,0.598,95.79,1.7,-0.6,0.0,9.6,100,8361,95.77,9.2
19/07/2024 01:30,0.0,0.000,0,0,67,0.67,1.30,10.4,0.594,95.79,1.7,-0.7,0.0,9.4,100,8365,95.76,8.7
19/07/2024 02:00,0.0,0.000,0,0,30,1.54,3.18,10.4,0.591,95.79,1.7,-0.6,0.0,9.7,100,8365,95.77,8.7
19/07/2024 02:30,0.0,0.000,0,0,34,1.19,2.50,10.2,0.579,95.80,1.7,-0.7,0.0,9.6,100,8365,95.77,8.6
19/07/2024 03:00,0.0,0.000,0,0,35,1.89,3.45,10.6,0.557,95.79,1.7,-0.6,0.0,9.8,100,8362,95.76,8.8
19/07/2024 03:30,0.0,0.000,0,0,41,1.53,3.24,10.4,0.562,95.78,1.8,-0.6,0.0,9.9,100,8361,95.75,8.9
19/07/2024 04:00,0.0,0.000,0,0,47,1.40,3.32,10.4,0.564,95.76,1.7,-0.7,0.0,9.8,100,8361,95.74,8.9
19/07/2024 04:30,0.0,0.000,0,0,68,1.23,2.14,10.7,0.551,95.76,1.5,-0.7,0.0,9.9,100,8358,95.73,8.9
19/07/2024 05:00,0.0,0.000,0,0,63,1.21,2.98,10.8,0.545,95.76,1.7,-0.6,0.0,10.1,100,8356,95.74,9.0
19/07/2024 05:30,0.0,0.000,0,0,29,2.05,4.13,10.3,0.558,95.77,1.8,-0.3,0.0,9.8,100,8354,95.75,8.8
19/07/2024 06:00,1.1,0.000,0,0,36,1.80,3.64,10.3,0.559,95.78,1.7,-0.7,0.0,9.9,100,8354,95.76,8.8
19/07/2024 06:30,5.1,0.000,0,0,19,1.81,3.62,10.2,0.564,95.79,1.7,-0.5,0.0,9.7,100,8352,95.77,8.8
19/07/2024 07:00,13.0,0.000,0,0,34,1.57,3.44,10.2,0.567,95.79,1.7,-0.6,0.0,9.9,100,8352,95.77,8.9
19/07/2024 07:30,27.5,0.000,0,0,57,1.34,3.80,10.5,0.559,95.78,1.7,-0.6,0.0,10.1,100,8349,95.76,9.3
19/07/2024 08:00,53.8,0.000,0,0,42,1.73,3.76,11.1,0.535,95.77,1.6,-0.6,0.0,10.8,100,8351,95.75,10.0
19/07/2024 08:30,124.5,0.000,0,0,159,1.14,2.95,11.3,0.544,95.75,1.8,-0.7,0.0,11.7,100,8352,95.74,10.8
19/07/2024 09:00,208.9,0.000,0,0,180,1.32,3.11,11.9,0.539,95.73,1.8,-0.5,0.0,13.9,100,8368,95.73,12.7
19/07/2024 09:30,275.4,0.000,0,0,182,2.04,4.25,12.0,0.557,95.71,1.7,-0.7,0.0,14.9,100,8387,95.72,13.7
19/07/2024 10:00,339.1,0.000,0,0,159,1.14,3.07,12.6,0.530,95.71,1.8,-0.5,0.0,16.2,100,8409,95.73,14.6
19/07/2024 10:30,403.3,0.000,0,0,179,1.32,2.89,13.6,0.503,95.70,1.8,-0.6,0.0,17.4,100,8432,95.72,16.4
19/07/2024 11:00,464.3,0.000,0,0,202,1.72,2.28,13.9,0.494,95.70,2.0,-0.6,0.0,18.8,100,8474,95.70,17.7
19/07/2024 11:30,478.1,0.000,0,0,189,1.74,4.65,14.5,0.479,95.69,2.1,-0.9,0.0,18.7,100,8501,95.70,18.6
19/07/2024 12:00,581.9,0.000,0,0,29,1.77,4.04,14.5,0.465,95.69,1.9,-0.6,0.0,20.1,100,8516,95.72,20.1
19/07/2024 12:30,634.5,0.000,0,0,27,2.40,4.31,14.0,0.451,95.69,2.0,-0.7,0.0,18.9,100,8532,95.72,19.4
19/07/2024 13:00,680.4,0.000,0,0,25,1.97,3.11,14.9,0.422,95.69,1.9,-0.6,0.0,19.3,100,8544,95.72,20.1
19/07/2024 13:30,678.8,0.000,0,0,25,1.73,3.49,16.0,0.405,95.69,1.9,-0.7,0.0,20.6,100,8551,95.71,21.9
19/07/2024 14:00,697.6,0.000,0,0,21,2.41,3.96,15.7,0.405,95.68,1.9,-0.7,0.0,20.7,100,8551,95.69,22.4
19/07/2024 14:30,773.4,0.000,0,0,19,2.25,3.51,16.3,0.390,95.66,1.8,-0.7,0.0,20.5,100,8552,95.67,22.6
19/07/2024 15:00,788.3,0.000,0,0,12,2.19,3.87,16.7,0.381,95.63,1.8,-0.4,0.0,21.0,100,8551,95.64,23.3
19/07/2024 15:30,793.6,0.000,0,0,11,2.05,3.47,17.2,0.371,95.62,1.9,-0.7,0.0,21.2,100,8548,95.62,23.8
19/07/2024 16:00,788.6,0.000,0,0,15,2.39,4.39,17.3,0.365,95.61,2.0,-0.7,0.0,21.1,100,8540,95.60,23.9
19/07/2024 16:30,778.1,0.000,0,0,2,2.28,4.16,16.4,0.381,95.60,1.9,-0.8,0.0,20.5,100,8538,95.59,23.4
19/07/2024 17:00,729.6,0.000,0,0,13,2.02,4.11,17.7,0.356,95.57,2.0,-0.7,0.0,20.7,100,8532,95.56,23.8
19/07/2024 17:30,696.1,0.000,0,0,12,2.28,5.04,18.0,0.350,95.54,1.8,-0.6,0.0,21.1,100,8521,95.53,23.7
19/07/2024 18:00,691.6,0.000,0,0,9,1.84,4.76,18.8,0.332,95.52,2.1,-0.7,0.0,21.5,100,8513,95.51,23.6
19/07/2024 18:30,626.2,0.000,0,0,326,1.13,4.15,19.0,0.332,95.52,1.9,-0.7,0.0,22.7,100,8502,95.51,24.3
19/07/2024 19:00,548.6,0.000,0,0,291,1.41,4.42,17.8,0.346,95.52,2.0,-0.7,0.0,21.8,100,8486,95.51,23.2
19/07/2024 19:30,447.3,0.000,0,0,187,2.43,4.74,17.4,0.359,95.51,2.0,-0.8,0.0,20.9,100,8469,95.49,22.4
19/07/2024 20:00,387.5,0.000,0,0,192,1.68,5.30,17.2,0.359,95.48,2.0,-0.8,0.0,20.1,100,8455,95.46,21.3
19/07/2024 20:30,310.8,0.000,0,0,187,1.44,3.41,17.3,0.360,95.44,1.8,-0.7,0.0,19.9,100,8442,95.42,20.7
19/07/2024 21:00,272.0,0.000,0,0,351,0.86,2.17,17.7,0.367,95.41,1.9,-0.7,0.0,20.4,100,8433,95.40,20.8
19/07/2024 21:30,200.3,0.000,0,0,3,1.25,3.29,16.0,0.404,95.42,1.9,-0.7,0.0,19.1,100,8426,95.40,19.5
19/07/2024 22:00,147.8,0.000,0,0,7,1.58,3.19,13.6,0.436,95.42,1.8,-0.7,0.0,15.7,100,8415,95.40,16.6
19/07/2024 22:30,100.4,0.000,0,0,6,1.31,2.68,13.3,0.444,95.42,1.8,-0.7,0.0,14.3,100,8409,95.39,15.2
19/07/2024 23:00,64.9,0.000,0,0,355,0.81,1.98,13.2,0.448,95.41,1.8,-0.7,0.0,13.8,100,8402,95.39,14.1
19/07/2024 23:30,35.9,0.000,0,0,188,1.14,2.88,12.7,0.480,95.40,1.8,-0.6,0.0,13.0,100,8399,95.37,13.1
20/07/2024 00:00,16.2,0.000,0,0,180,1.35,3.06,12.4,0.489,95.38,1.8,-0.5,0.0,12.5,100,8391,95.36,12.5
20/07/2024 00:30,5.8,0.000,0,0,178,1.21,3.21,12.0,0.489,95.37,1.8,-0.5,0.0,12.0,100,8355,95.34,11.9
20/07/2024 01:00,1.3,0.000,0,0,23,0.38,1.07,11.8,0.500,95.37,1.7,-0.6,0.0,11.5,100,8355,95.35,11.6
20/07/2024 01:30,0.0,0.000,0,0,182,1.25,2.36,11.3,0.523,95.38,1.7,-0.7,0.0,11.3,100,8356,95.35,11.3
20/07/2024 02:00,0.0,0.000,0,0,184,0.95,2.61,11.0,0.532,95.37,1.7,-0.7,0.0,11.0,100,8354,95.34,11.0
20/07/2024 02:30,0.0,0.000,0,0,19,1.15,2.37,11.1,0.529,95.35,1.7,-0.7,0.0,10.9,100,8353,95.33,10.7
20/07/2024 03:00,0.0,0.000,0,0,146,0.54,2.27,10.8,0.534,95.34,1.7,-0.6,0.0,10.6,100,8352,95.31,10.3
20/07/2024 03:30,0.0,0.000,0,0,21,1.37,2.88,10.4,0.563,95.30,1.7,-0.6,0.0,10.2,100,8349,95.28,9.9
20/07/2024 04:00,0.0,0.000,0,0,26,1.54,3.23,10.3,0.569,95.25,1.8,-0.6,0.0,9.9,100,8349,95.22,9.5
20/07/2024 04:30,0.0,0.000,0,0,61,1.04,2.54,12.3,0.505,95.21,1.7,-0.6,0.0,10.9,100,8349,95.19,10.3
20/07/2024 05:00,0.0,0.000,0,0,30,2.25,7.62,13.1,0.457,95.18,1.6,-0.8,0.0,12.1,100,8344,95.15,11.2
20/07/2024 05:30,0.0,0.000,0,0,30,2.53,7.19,13.3,0.457,95.17,1.9,-0.5,0.0,12.8,100,8345,95.15,11.8
20/07/2024 06:00,2.5,0.000,0,0,65,1.96,5.17,13.4,0.456,95.16,1.9,-0.7,0.0,12.9,100,8343,95.14,12.1
20/07/2024 06:30,6.5,0.000,0,0,61,1.35,4.69,13.2,0.461,95.15,1.9,-0.6,0.0,12.9,100,8340,95.13,12.2
20/07/2024 07:00,14.1,0.000,0,0,33,1.60,4.16,13.0,0.465,95.15,1.8,-0.7,0.0,12.7,100,8342,95.12,12.0
20/07/2024 07:30,29.7,0.000,0,0,38,2.11,4.23,13.1,0.453,95.13,1.9,-0.5,0.0,12.7,100,8339,95.11,12.0
20/07/2024 08:00,53.1,0.000,0,0,34,1.97,6.03,13.0,0.444,95.13,1.7,-0.7,0.0,12.9,100,8336,95.11,12.2
20/07/2024 08:30,83.9,0.000,0,0,52,2.07,5.76,13.4,0.435,95.12,1.9,-0.6,0.0,13.2,100,8338,95.10,12.5
20/07/2024 09:00,107.0,0.000,0,0,76,2.01,4.94,14.2,0.413,95.11,1.5,-0.9,0.0,14.2,100,8340,95.10,13.4
20/07/2024 09:30,175.5,0.000,0,0,79,1.91,6.59,14.5,0.403,95.10,1.7,-0.9,0.0,15.1,100,8347,95.09,14.1
20/07/2024 10:00,376.6,0.000,0,0,48,1.51,4.83,15.1,0.401,95.07,1.8,-0.6,0.0,17.5,100,8371,95.09,15.9
20/07/2024 10:30,488.1,0.000,0,0,69,1.69,4.95,16.2,0.385,95.04,1.8,-0.7,0.0,19.7,100,8399,95.07,17.9
20/07/2024 11:00,614.9,0.000,0,0,78,1.68,5.38,17.6,0.357,95.02,2.1,-0.7,0.0,21.8,100,8431,95.06,20.0
20/07/2024 11:30,621.3,0.000,0,0,70,1.73,5.01,17.7,0.347,95.00,2.1,-0.4,0.0,22.8,100,8459,95.05,21.5
20/07/2024 12:00,471.7,0.000,0,0,84,1.83,5.73,17.9,0.335,95.02,2.0,-0.7,0.0,22.5,100,8459,95.03,22.2
20/07/2024 12:30,221.5,0.000,0,0,93,2.40,6.44,16.4,0.346,95.05,1.9,-0.7,0.0,18.6,100,8450,95.03,19.6
20/07/2024 13:00,301.4,0.000,0,0,64,1.99,6.21,16.2,0.353,95.03,1.9,-0.5,0.0,17.9,100,8458,95.03,18.4
20/07/2024 13:30,602.0,0.000,0,0,80,1.80,4.82,17.4,0.346,94.99,1.9,-0.7,0.0,20.4,100,8493,95.02,19.8
20/07/2024 14:00,630.5,0.000,0,0,75,2.22,7.43,18.1,0.333,94.97,2.0,-0.6,0.0,21.9,100,8507,94.99,21.6
20/07/2024 14:30,709.8,0.000,0,0,72,1.86,5.40,18.6,0.325,94.95,2.3,-0.5,0.0,22.2,100,8523,94.97,22.5
20/07/2024 15:00,677.7,0.000,0,0,80,2.22,7.21,18.8,0.321,94.95,1.8,-0.5,0.0,22.4,100,8524,94.95,23.0
20/07/2024 15:30,749.9,0.000,0,0,61,2.23,6.01,18.8,0.320,94.93,1.8,-0.7,0.0,22.3,100,8531,94.94,23.2
20/07/2024 16:00,679.6,0.000,0,0,56,2.10,8.20,18.1,0.334,94.93,1.8,-0.7,0.0,22.2,100,8523,94.93,23.5
20/07/2024 16:30,659.6,0.000,0,0,205,2.70,7.51,17.7,0.340,94.94,2.1,-0.6,0.0,21.1,100,8529,94.93,22.8
20/07/2024 17:00,619.4,0.000,0,0,216,3.33,5.88,17.3,0.345,94.95,2.1,-0.6,0.0,20.7,100,8520,94.94,22.6
20/07/2024 17:30,368.3,0.000,0,0,220,2.74,5.39,16.6,0.349,94.97,2.0,-0.6,0.0,19.4,100,8507,94.95,21.3
20/07/2024 18:00,548.4,0.000,0,0,220,1.68,4.05,17.6,0.340,94.97,2.0,-0.8,0.0,20.2,100,8504,94.96,21.6
20/07/2024 18:30,484.4,0.000,0,0,225,1.80,4.32,17.7,0.336,94.98,1.9,-0.6,0.0,20.9,100,8499,94.96,22.0
20/07/2024 19:00,364.3,0.000,0,0,230,1.86,4.37,17.0,0.344,95.00,1.9,-0.7,0.0,19.8,100,8486,94.98,20.9
20/07/2024 19:30,352.4,0.000,0,0,348,1.55,3.40,16.0,0.361,95.01,1.9,-0.7,0.0,19.1,100,8475,94.99,19.9
20/07/2024 20:00,401.5,0.000,0,0,295,1.41,4.53,16.8,0.353,95.02,1.8,-0.7,0.0,18.9,100,8467,95.01,19.5
20/07/2024 20:30,352.9,0.000,0,0,289,1.36,3.63,16.8,0.373,95.03,1.9,-0.6,0.0,19.9,100,8471,95.01,20.2
20/07/2024 21:00,281.3,0.000,0,0,339,1.03,2.77,16.6,0.378,95.04,1.8,-0.7,0.0,19.6,100,8456,95.03,19.9
20/07/2024 21:30,221.0,0.000,0,0,7,1.71,4.07,15.0,0.409,95.06,1.8,-0.6,0.0,18.1,100,8444,95.05,18.5
20/07/2024 22:00,176.8,0.000,0,0,359,1.43,3.78,14.7,0.404,95.09,1.8,-0.7,0.0,16.5,100,8434,95.07,17.1
20/07/2024 22:30,135.1,0.000,0,0,356,1.76,3.57,14.2,0.405,95.10,1.9,-0.6,0.0,15.7,100,8423,95.08,16.1
20/07/2024 23:00,76.7,0.000,0,0,357,1.79,3.77,13.5,0.424,95.12,1.8,-0.8,0.0,14.5,100,8416,95.10,14.2
20/07/2024 23:30,17.0,0.000,0,0,5,1.85,3.57,12.6,0.437,95.13,1.8,-0.6,0.0,13.0,100,8410,95.11,12.9
21/07/2024 00:00,9.7,0.000,0,0,359,0.70,1.53,12.5,0.448,95.15,1.8,-0.6,0.0,12.1,100,8404,95.13,12.0
21/07/2024 00:30,3.4,0.000,0,0,2,1.64,3.14,11.4,0.475,95.16,1.8,-0.5,0.0,11.4,100,8352,95.13,11.4
21/07/2024 01:00,0.3,0.000,0,0,14,1.64,3.16,10.8,0.497,95.16,1.7,-0.7,0.0,10.6,100,8354,95.14,10.7
21/07/2024 01:30,0.0,0.000,0,0,5,1.30,2.91,10.6,0.511,95.16,1.7,-0.7,0.0,10.3,100,8356,95.13,10.0
21/07/2024 02:00,0.0,0.000,0,0,15,1.67,3.46,10.0,0.528,95.16,1.7,-0.8,0.0,9.7,100,8358,95.14,9.3
21/07/2024 02:30,0.0,0.000,0,0,18,1.88,3.76,9.8,0.536,95.17,1.7,-0.6,0.0,9.5,100,8353,95.15,9.0
21/07/2024 03:00,0.0,0.000,0,0,19,1.54,3.58,9.5,0.545,95.16,1.7,-0.7,0.0,9.1,100,8352,95.14,8.6
21/07/2024 03:30,0.0,0.000,0,0,1,0.81,1.86,9.3,0.562,95.15,1.7,-0.6,0.0,8.8,100,8351,95.13,8.2
21/07/2024 04:00,0.0,0.000,0,0,61,0.82,1.69,9.0,0.577,95.14,1.7,-0.6,0.0,8.5,100,8350,95.12,7.8
21/07/2024 04:30,0.0,0.000,0,0,187,1.11,2.80,8.4,0.605,95.14,1.7,-0.6,0.0,8.1,100,8346,95.11,7.4
21/07/2024 05:00,0.0,0.000,0,0,158,0.81,2.12,8.4,0.602,95.13,1.7,-0.7,0.0,7.9,100,8346,95.11,7.2
21/07/2024 05:30,0.0,0.000,0,0,177,1.21,2.53,8.1,0.614,95.12,1.7,-0.8,0.0,7.7,100,8344,95.10,6.9
21/07/2024 06:00,0.8,0.000,0,0,31,0.84,2.55,8.3,0.608,95.11,1.7,-0.6,0.0,7.4,100,8342,95.09,6.7
21/07/2024 06:30,5.0,0.000,0,0,65,0.72,2.43,8.0,0.624,95.11,1.7,-0.6,0.0,7.5,100,8341,95.09,6.6
21/07/2024 07:00,12.0,0.000,0,0,157,0.47,1.41,7.9,0.611,95.10,1.7,-0.6,0.0,7.2,100,8341,95.08,6.2
21/07/2024 07:30,19.1,0.000,0,0,177,1.33,2.10,7.8,0.626,95.09,1.7,-0.8,0.0,7.3,100,8340,95.07,6.3
21/07/2024 08:00,24.7,0.000,0,0,27,0.73,1.48,7.6,0.638,95.09,1.7,-0.6,0.0,7.3,100,8338,95.07,6.4
21/07/2024 08:30,77.3,0.000,0,0,171,0.86,2.37,8.0,0.641,95.08,1.7,-0.6,0.0,7.7,100,8339,95.07,6.6
21/07/2024 09:00,189.9,0.000,0,0,193,0.74,2.35,8.8,0.635,95.08,1.7,-0.6,0.0,10.8,100,8355,95.09,9.2
21/07/2024 09:30,269.5,0.000,0,0,182,2.50,3.65,8.8,0.625,95.06,1.7,-0.7,0.0,11.9,100,8376,95.08,10.7
21/07/2024 10:00,332.5,0.000,0,0,179,2.65,4.95,9.2,0.598,95.05,1.6,-0.8,0.0,12.3,100,8405,95.08,11.4
21/07/2024 10:30,399.1,0.000,0,0,180,1.68,3.88,10.2,0.570,95.06,1.8,-0.8,0.0,13.9,100,8435,95.09,12.9
21/07/2024 11:00,461.9,0.000,0,0,67,1.18,2.22,10.8,0.556,95.05,1.7,-0.6,0.0,15.6,100,8466,95.09,14.8
21/07/2024 11:30,477.0,0.000,0,0,9,1.17,2.23,10.6,0.514,95.04,1.9,-0.6,0.0,16.2,100,8496,95.08,15.7
21/07/2024 12:00,580.5,0.000,0,0,63,1.23,3.26,11.8,0.481,95.03,1.8,-0.7,0.0,16.9,100,8520,95.07,17.1
21/07/2024 12:30,634.4,0.000,0,0,14,1.83,2.99,10.9,0.497,95.02,1.8,-0.6,0.0,16.9,100,8543,95.06,17.5
21/07/2024 13:00,651.7,0.000,0,0,11,1.48,2.49,11.1,0.489,95.00,1.8,-0.6,0.0,16.7,100,8563,95.03,17.9
21/07/2024 13:30,677.4,0.000,0,0,5,1.30,3.35,11.8,0.484,94.98,2.0,-0.7,0.0,17.2,100,8575,95.01,18.8
21/07/2024 14:00,696.3,0.000,0,0,357,1.26,2.06,12.0,0.486,94.97,2.0,-0.8,0.0,17.9,100,8583,95.00,20.0
21/07/2024 14:30,767.0,0.000,0,0,262,1.22,3.75,13.0,0.488,94.98,1.8,-0.7,0.0,18.4,100,8583,95.00,21.1
21/07/2024 15:00,786.8,0.000,0,0,254,1.39,3.74,13.3,0.493,94.98,2.0,-0.6,0.0,18.8,100,8583,94.99,21.5
21/07/2024 15:30,791.5,0.000,0,0,239,1.59,6.15,13.1,0.513,94.98,2.0,-0.6,0.0,18.5,100,8580,94.99,21.2
21/07/2024 16:00,785.4,0.000,0,0,214,1.91,4.32,13.6,0.503,94.98,2.0,-0.8,0.0,18.3,100,8580,94.99,21.2
21/07/2024 16:30,770.9,0.000,0,0,312,1.64,4.63,13.7,0.501,94.98,1.7,-0.7,0.0,18.0,100,8576,94.98,20.7
21/07/2024 17:00,746.7,0.000,0,0,345,1.24,3.24,13.6,0.519,94.98,1.9,-0.7,0.0,18.3,100,8570,94.97,21.0
21/07/2024 17:30,712.1,0.000,0,0,319,1.26,3.43,13.8,0.522,94.98,2.1,-0.7,0.0,18.2,100,8562,94.97,20.7
21/07/2024 18:00,670.1,0.000,0,0,348,1.17,4.37,14.0,0.521,94.99,1.9,-0.7,0.0,18.0,100,8553,94.98,20.4
21/07/2024 18:30,620.4,0.000,0,0,347,1.31,3.30,13.8,0.534,94.98,2.1,-0.6,0.0,18.1,100,8541,94.98,20.0
21/07/2024 19:00,562.6,0.000,0,0,358,1.21,3.25,13.4,0.553,94.99,1.9,-0.7,0.0,17.3,100,8526,94.98,19.1
21/07/2024 19:30,484.6,0.000,0,0,2,1.38,2.88,13.4,0.553,95.00,1.9,-0.7,0.0,17.1,100,8508,94.99,18.6
21/07/2024 20:00,408.7,0.000,0,0,322,1.00,3.15,13.8,0.541,95.01,1.9,-0.7,0.0,17.1,100,8495,95.00,18.2
21/07/2024 20:30,332.6,0.000,0,0,352,1.25,3.94,13.4,0.554,95.01,1.9,-0.7,0.0,16.9,100,8482,95.01,17.8
21/07/2024 21:00,266.5,0.000,0,0,354,1.00,3.33,13.3,0.553,95.01,1.8,-0.9,0.0,16.2,100,8471,95.01,16.8
21/07/2024 21:30,219.1,0.000,0,0,2,1.40,3.08,12.5,0.593,95.02,1.7,-0.8,0.0,15.5,100,8460,95.02,16.1
21/07/2024 22:00,175.3,0.000,0,0,4,1.50,2.86,12.0,0.601,95.02,1.8,-0.6,0.0,14.1,100,8451,95.01,14.8
21/07/2024 22:30,131.2,0.000,0,0,359,1.15,2.60,11.6,0.613,95.01,1.8,-0.6,0.0,13.2,100,8444,95.01,13.7
21/07/2024 23:00,70.9,0.000,0,0,349,1.11,2.54,11.2,0.636,95.02,1.7,-0.7,0.0,12.3,100,8437,95.00,11.9
21/07/2024 23:30,18.7,0.000,0,0,355,1.16,2.61,10.3,0.672,95.02,1.7,-0.7,0.0,10.8,100,8432,95.00,10.7
22/07/2024 00:00,10.5,0.000,0,0,8,1.62,2.98,9.2,0.713,95.01,1.8,-0.6,0.0,9.5,100,8427,95.00,9.5
22/07/2024 00:30,3.5,0.000,0,0,15,2.17,3.65,8.4,0.751,95.00,1.7,-0.6,0.0,8.5,100,8355,94.99,8.6
22/07/2024 01:00,0.2,0.000,0,0,20,2.57,3.47,8.4,0.754,95.00,1.6,-0.7,0.0,8.1,100,8377,94.99,8.3
22/07/2024 01:30,0.0,0.000,0,0,29,1.37,3.16,8.2,0.759,94.99,1.8,-0.7,0.0,7.9,100,8377,94.98,7.7
22/07/2024 02:00,0.0,0.000,0,0,19,1.02,1.85,7.9,0.772,94.97,1.7,-0.6,0.0,7.6,100,8380,94.95,7.1
22/07/2024 02:30,0.0,0.000,0,0,47,0.63,1.65,7.6,0.793,94.94,1.7,-0.6,0.0,7.1,100,8377,94.93,6.6
22/07/2024 03:00,0.0,0.000,0,0,25,1.29,2.26,7.4,0.802,94.92,1.7,-0.7,0.0,6.9,100,8378,94.90,6.3
22/07/2024 03:30,0.0,0.000,0,0,24,0.68,1.72,7.0,0.814,94.89,1.7,-0.6,0.0,6.7,100,8373,94.88,6.0
22/07/2024 04:00,0.0,0.000,0,0,44,0.65,1.34,6.4,0.829,94.87,1.6,-0.6,0.0,6.1,100,8374,94.86,5.4
22/07/2024 04:30,0.0,0.000,0,0,42,0.56,1.83,6.3,0.832,94.83,1.6,-0.6,0.0,5.6,100,8374,94.82,4.9
22/07/2024 05:00,0.0,0.000,0,0,26,0.86,1.70,6.1,0.843,94.80,1.7,-0.6,0.0,5.5,100,8371,94.79,4.7
22/07/2024 05:30,0.0,0.000,0,0,34,0.75,1.54,6.4,0.802,94.79,1.6,-0.6,0.0,5.6,100,8368,94.78,4.8
22/07/2024 06:00,1.7,0.000,0,0,25,0.98,2.32,6.2,0.825,94.77,1.7,-0.6,0.0,5.6,100,8369,94.76,4.7
22/07/2024 06:30,10.2,0.000,0,0,25,1.44,3.02,5.8,0.856,94.74,1.7,-0.5,0.0,5.7,100,8368,94.74,5.0
22/07/2024 07:00,14.5,0.000,0,0,27,1.54,3.54,6.3,0.799,94.72,1.7,-0.6,0.0,5.9,100,8368,94.72,5.3
22/07/2024 07:30,35.3,0.000,0,0,23,1.84,3.14,6.2,0.744,94.70,1.7,-0.6,0.0,6.2,100,8366,94.70,5.5
22/07/2024 08:00,45.1,0.000,0,0,22,1.84,3.88,6.3,0.717,94.69,1.7,-0.6,0.0,6.3,100,8364,94.69,5.8
22/07/2024 08:30,111.5,0.000,0,0,25,1.02,2.59,6.4,0.736,94.68,1.7,-0.6,0.0,6.9,100,8371,94.68,6.3
22/07/2024 09:00,121.7,0.000,0,0,315,0.94,1.98,6.5,0.745,94.67,1.7,-0.6,0.0,7.9,100,8371,94.67,7.5
22/07/2024 09:30,141.9,0.000,0,0,39,0.77,2.23,5.9,0.846,94.65,1.6,-0.6,0.0,7.5,100,8380,94.65,7.2
22/07/2024 10:00,217.1,0.000,0,0,26,1.55,2.90,5.6,0.844,94.60,1.7,-0.6,0.0,7.5,100,8391,94.61,7.1
22/07/2024 10:30,264.4,0.000,0,0,166,1.14,3.75,6.4,0.855,94.55,1.7,-0.6,0.0,8.5,100,8406,94.57,8.4
22/07/2024 11:00,359.7,0.000,0,0,196,1.09,2.94,7.1,0.858,94.54,1.7,-0.6,0.0,10.2,100,8442,94.57,9.9
22/07/2024 11:30,492.8,0.000,0,0,180,1.43,3.39,8.4,0.786,94.50,1.8,-0.6,0.0,13.3,100,8488,94.55,12.3
22/07/2024 12:00,527.7,0.000,0,0,193,1.73,4.16,9.2,0.739,94.49,1.7,-0.6,0.0,14.6,100,8511,94.53,14.6
22/07/2024 12:30,452.7,0.000,0,0,21,1.39,3.05,9.6,0.668,94.47,1.8,-0.7,0.0,13.7,100,8515,94.50,14.9
22/07/2024 13:00,370.8,0.000,0,0,23,1.62,3.35,9.6,0.604,94.46,1.8,-0.7,0.0,12.7,100,8516,94.47,14.2
22/07/2024 13:30,467.0,0.000,0,0,189,1.29,3.22,10.2,0.657,94.43,1.6,-0.6,0.0,13.5,100,8522,94.46,14.9
22/07/2024 14:00,327.1,0.000,0,0,182,1.16,2.50,10.1,0.667,94.42,1.8,-0.6,0.0,13.4,100,8516,94.43,14.9
22/07/2024 14:30,341.5,0.000,0,0,193,1.15,2.72,9.9,0.678,94.38,1.8,-0.6,0.0,12.7,100,8518,94.39,14.2
22/07/2024 15:00,426.6,0.000,0,0,203,0.91,2.72,10.9,0.653,94.34,1.8,-0.7,0.0,13.8,100,8530,94.36,14.9
22/07/2024 15:30,431.7,0.000,0,0,197,1.44,2.85,11.3,0.626,94.32,1.8,-0.7,0.0,14.7,100,8526,94.34,15.8
22/07/2024 16:00,459.3,0.000,0,0,193,1.21,2.93,12.0,0.585,94.29,1.8,-0.6,0.0,15.1,100,8531,94.31,16.3
22/07/2024 16:30,365.1,0.000,0,0,202,1.59,3.44,11.7,0.575,94.26,1.8,-0.8,0.0,15.2,100,8526,94.27,16.5
22/07/2024 17:00,345.0,0.000,0,0,188,1.73,3.84,11.2,0.587,94.23,1.8,-0.6,0.0,14.1,100,8521,94.24,15.5
22/07/2024 17:30,228.8,0.000,0,0,184,1.15,2.59,11.5,0.575,94.20,1.9,-0.6,0.0,13.6,100,8513,94.21,14.8
22/07/2024 18:00,260.8,0.000,0,0,184,1.48,2.98,11.2,0.578,94.18,1.8,-0.7,0.0,13.2,100,8513,94.18,14.2
22/07/2024 18:30,321.3,0.000,0,0,7,1.34,2.49,11.8,0.551,94.15,1.9,-0.6,0.0,14.0,100,8512,94.16,14.7
22/07/2024 19:00,242.2,0.000,0,0,13,1.98,3.59,11.6,0.538,94.11,1.9,-0.7,0.0,13.6,100,8506,94.11,14.4
22/07/2024 19:30,204.4,0.000,0,0,185,1.21,2.34,11.9,0.549,94.08,1.8,-0.7,0.0,13.4,100,8502,94.08,14.4
22/07/2024 20:00,184.3,0.000,0,0,184,1.21,2.70,12.5,0.531,94.04,1.9,-0.7,0.0,13.8,100,8497,94.04,14.5
22/07/2024 20:30,206.9,0.000,0,0,17,1.05,3.47,12.6,0.519,94.02,1.7,-0.6,0.0,14.4,100,8489,94.02,14.8
22/07/2024 21:00,154.5,0.000,0,0,17,1.58,4.20,12.7,0.478,94.00,1.9,-0.4,0.0,13.9,100,8480,93.99,14.4
22/07/2024 21:30,106.3,0.000,0,0,274,0.86,2.39,12.3,0.490,93.99,1.8,-0.7,0.0,13.6,100,8472,93.98,14.0
22/07/2024 22:00,96.8,0.000,0,0,17,1.29,2.41,11.9,0.488,93.98,1.9,-0.6,0.0,12.6,100,8465,93.97,12.9
22/07/2024 22:30,67.9,0.000,0,0,11,1.56,3.05,12.0,0.478,93.97,1.8,-0.7,0.0,12.5,100,8458,93.96,12.7
22/07/2024 23:00,30.7,0.000,0,0,184,0.68,1.50,12.0,0.495,93.94,1.8,-0.6,0.0,12.3,100,8455,93.93,12.5
22/07/2024 23:30,7.5,0.000,0,0,189,1.34,2.38,11.7,0.519,93.92,1.8,-0.7,0.0,12.1,100,8446,93.91,12.2
23/07/2024 00:00,3.1,0.000,0,0,170,0.89,2.49,11.4,0.533,93.90,1.8,-0.7,0.0,11.5,100,8441,93.89,11.7
23/07/2024 00:30,0.3,0.000,0,0,27,1.31,2.84,11.3,0.522,93.90,1.8,-0.7,0.0,11.3,100,8396,93.89,11.5
23/07/2024 01:00,0.0,0.000,0,0,5,1.36,2.39,10.6,0.522,93.88,1.7,-0.6,0.0,10.8,100,8387,93.87,11.3
23/07/2024 01:30,0.0,0.000,0,0,10,0.99,1.86,9.9,0.569,93.86,1.8,-0.6,0.0,10.1,100,8387,93.85,10.3
23/07/2024 02:00,0.0,0.000,0,0,171,0.85,2.79,9.7,0.596,93.85,1.7,-0.7,0.0,9.9,100,8387,93.84,10.0
23/07/2024 02:30,0.0,0.391,0,0,55,0.82,1.73,9.5,0.672,93.84,1.7,-0.6,4.1,9.5,100,8384,93.83,9.4
23/07/2024 03:00,0.0,0.000,0,0,38,1.17,2.35,8.9,0.716,93.83,1.7,-0.6,0.0,8.7,100,8384,93.81,8.6
23/07/2024 03:30,0.0,0.000,0,0,20,1.48,2.42,9.0,0.684,93.81,1.8,-0.6,0.0,8.8,100,8381,93.80,8.5
23/07/2024 04:00,0.0,0.000,0,0,143,0.62,1.79,8.1,0.801,93.81,1.7,-0.6,0.0,8.6,100,8380,93.80,8.2
23/07/2024 04:30,0.0,0.000,0,0,58,0.97,2.34,7.8,0.799,93.81,1.7,-0.7,0.0,8.1,100,8377,93.80,7.9
23/07/2024 05:00,0.0,0.000,0,0,201,0.97,2.01,7.4,0.832,93.80,1.7,-0.6,0.0,7.7,100,8375,93.79,7.6
23/07/2024 05:30,0.0,0.000,0,0,322,0.71,2.16,7.6,0.796,93.80,1.7,-0.7,0.0,7.6,100,8372,93.79,7.4
23/07/2024 06:00,0.0,0.272,0,0,26,1.17,2.93,7.6,0.814,93.78,1.7,-0.6,4.1,7.5,100,8373,93.77,7.1
23/07/2024 06:30,0.4,0.017,0,0,32,1.47,3.37,7.6,0.855,93.76,1.7,-0.5,1.0,7.4,100,8370,93.75,7.0
23/07/2024 07:00,3.3,0.102,0,0,35,1.43,3.61,8.3,0.816,93.74,1.7,-0.7,2.0,7.9,100,8369,93.74,7.2
23/07/2024 07:30,8.1,0.102,0,0,67,0.91,2.89,8.6,0.773,93.74,1.7,-0.7,3.1,8.2,100,8368,93.74,7.4
23/07/2024 08:00,13.4,0.289,0,0,146,0.89,2.27,8.6,0.803,93.75,1.7,-0.6,4.1,8.3,100,8365,93.75,7.7
23/07/2024 08:30,23.8,0.443,0,0,29,1.95,3.45,8.8,0.821,93.75,1.7,-0.6,5.1,8.3,100,8365,93.74,7.8
23/07/2024 09:00,46.9,0.102,0,0,34,1.17,2.96,8.4,0.827,93.76,1.8,-0.6,2.0,8.3,100,8361,93.76,7.6
23/07/2024 09:30,47.5,0.238,0,0,62,0.54,1.54,8.3,0.856,93.77,1.8,-0.7,3.1,8.3,100,8360,93.77,7.8
23/07/2024 10:00,66.6,0.255,0,0,271,0.96,3.87,8.0,0.881,93.78,1.7,-0.7,3.1,8.4,100,8359,93.79,7.9
23/07/2024 10:30,85.4,0.204,0,0,229,2.21,4.78,6.8,0.940,93.80,1.7,-0.6,2.0,7.5,100,8361,93.81,7.4
23/07/2024 11:00,124.6,0.085,0,0,238,0.61,2.35,7.3,0.951,93.82,1.7,-0.6,1.0,7.8,100,8361,93.83,7.7
23/07/2024 11:30,118.0,0.170,0,0,23,0.74,1.66,7.4,0.975,93.85,1.7,-0.6,3.1,8.3,100,8363,93.86,8.1
23/07/2024 12:00,137.5,0.323,0,0,64,0.91,2.67,7.6,0.988,93.86,1.8,-0.6,2.0,8.5,100,8365,93.87,8.3
23/07/2024 12:30,181.5,0.204,0,0,52,1.19,2.78,7.8,0.978,93.87,1.7,-0.6,3.1,8.6,100,8371,93.88,8.4
23/07/2024 13:00,267.3,0.068,0,0,87,0.77,2.10,8.0,1.000,93.88,1.7,-0.6,1.0,9.5,100,8380,93.89,9.2
23/07/2024 13:30,205.3,0.017,0,0,207,0.81,1.87,8.0,0.997,93.88,1.7,-0.6,1.0,9.7,100,8383,93.90,9.7
23/07/2024 14:00,208.5,0.017,0,0,14,1.25,2.33,7.8,0.989,93.88,1.8,-0.7,1.0,9.5,100,8384,93.89,9.5
23/07/2024 14:30,230.6,0.000,0,0,6,1.17,2.23,7.8,0.962,93.87,1.7,-0.6,0.0,9.1,100,8391,93.89,9.2
23/07/2024 15:00,159.5,0.000,0,0,188,1.35,2.72,7.8,0.997,93.88,1.8,-0.7,0.0,9.3,100,8392,93.89,9.5
23/07/2024 15:30,148.3,0.085,0,0,207,1.71,2.63,7.5,0.997,93.87,1.7,-0.6,1.0,8.7,100,8392,93.89,9.1
23/07/2024 16:00,196.0,0.102,0,0,231,1.77,3.19,7.6,0.996,93.86,1.8,-0.6,1.0,8.7,100,8393,93.88,8.9
23/07/2024 16:30,245.7,0.119,0,0,203,2.08,4.85,7.5,1.000,93.86,1.8,-0.6,1.0,8.8,100,8400,93.88,9.0
23/07/2024 17:00,292.0,0.051,0,0,213,1.78,4.39,7.6,0.999,93.87,1.8,-0.6,1.0,9.2,100,8409,93.89,9.4
23/07/2024 17:30,294.1,0.119,0,0,225,1.82,3.84,7.8,1.000,93.88,1.6,-0.7,2.0,9.3,100,8416,93.90,9.6
23/07/2024 18:00,268.2,0.068,0,0,223,2.04,4.06,7.7,1.000,93.87,1.7,-0.6,1.0,9.4,100,8420,93.90,9.7
23/07/2024 18:30,192.0,0.187,0,0,229,2.25,4.78,7.5,0.985,93.88,1.7,-0.5,2.0,8.7,100,8419,93.90,9.1
23/07/2024 19:00,155.9,0.068,0,0,238,1.63,3.83,7.2,0.994,93.88,1.5,-0.6,2.0,8.3,100,8418,93.91,8.7
23/07/2024 19:30,125.0,0.153,0,0,217,1.81,3.46,7.1,0.976,93.90,1.7,-0.5,3.1,7.8,100,8416,93.92,8.2
23/07/2024 20:00,139.1,0.153,0,0,229,1.40,2.80,7.2,0.979,93.90,1.7,-0.6,3.1,7.9,100,8419,93.92,8.1
23/07/2024 20:30,112.8,0.034,0,0,195,1.07,2.07,7.2,0.985,93.90,1.6,-0.5,1.0,7.9,100,8413,93.92,8.1
23/07/2024 21:00,93.1,0.051,0,0,347,1.09,2.63,7.0,0.995,93.90,1.7,-0.7,1.0,7.9,100,8413,93.91,8.1
23/07/2024 21:30,67.3,0.000,0,0,0,1.35,2.47,6.7,0.995,93.89,1.7,-0.6,0.0,7.3,100,8409,93.91,7.6
23/07/2024 22:00,135.0,0.000,0,0,354,1.03,2.49,6.8,1.000,93.89,1.6,-0.5,0.0,7.6,100,8412,93.91,7.7
23/07/2024 22:30,72.9,0.000,0,0,354,1.00,2.57,6.8,1.000,93.90,1.7,-0.6,0.0,7.8,100,8408,93.92,7.9
23/07/2024 23:00,26.1,0.000,0,0,19,1.18,2.28,6.4,0.993,93.91,1.7,-0.6,0.0,7.0,100,8404,93.92,7.2
23/07/2024 23:30,6.3,0.000,0,0,20,1.93,3.49,6.2,0.997,93.91,1.7,-0.5,0.0,6.6,100,8399,93.93,6.8
24/07/2024 00:00,0.6,0.017,0,0,8,1.56,3.17,6.1,0.991,93.93,1.8,-0.7,1.0,6.2,100,8397,93.95,6.3
24/07/2024 00:30,0.0,0.000,0,0,273,1.19,2.81,6.0,0.996,93.94,1.7,-0.6,0.0,6.2,100,8346,93.95,6.3
24/07/2024 01:00,0.0,0.000,0,0,21,0.71,1.83,6.0,0.993,93.95,1.7,-0.7,0.0,6.1,100,8350,93.97,6.4
24/07/2024 01:30,0.0,0.034,0,0,19,0.59,1.34,6.2,0.991,93.95,1.7,-0.6,1.0,6.2,100,8349,93.97,6.2
24/07/2024 02:00,0.0,0.017,0,0,247,0.59,1.38,6.1,0.999,93.95,1.7,-0.6,1.0,6.3,100,8350,93.96,6.2
24/07/2024 02:30,0.0,0.000,0,0,350,0.53,1.24,6.1,0.997,93.94,1.7,-0.6,0.0,6.2,100,8350,93.96,6.1
24/07/2024 03:00,0.0,0.017,0,0,311,0.59,1.56,5.9,1.000,93.94,1.6,-0.6,1.0,6.1,100,8348,93.95,6.0
24/07/2024 03:30,0.0,0.017,0,0,308,0.66,1.45,6.0,0.997,93.93,1.7,-0.6,1.0,6.0,100,8349,93.95,6.0
24/07/2024 04:00,0.0,0.000,0,0,10,0.74,1.28,5.8,1.000,93.93,1.7,-0.6,0.0,6.0,100,8347,93.95,5.9
24/07/2024 04:30,0.0,0.017,0,0,11,0.67,1.36,5.9,1.000,93.94,1.7,-0.6,1.0,5.9,100,8345,93.95,5.8
24/07/2024 05:00,0.0,0.017,0,0,282,0.44,1.15,5.8,0.999,93.93,1.7,-0.6,1.0,5.9,100,8346,93.95,5.8
24/07/2024 05:30,0.0,0.051,0,0,12,1.23,1.80,5.6,1.000,93.93,1.7,-0.6,1.0,5.8,100,8342,93.94,5.7
24/07/2024 06:00,0.0,0.000,0,0,12,0.45,1.30,5.8,0.997,93.93,1.7,-0.6,0.0,5.7,100,8342,93.95,5.6
24/07/2024 06:30,1.1,0.017,0,0,23,0.39,0.87,5.8,1.000,93.94,1.6,-0.6,1.0,5.9,100,8341,93.96,5.8
24/07/2024 07:00,7.1,0.017,0,0,8,0.67,1.07,5.7,1.000,93.95,1.7,-0.6,1.0,5.9,100,8341,93.97,5.7
24/07/2024 07:30,13.2,0.000,0,0,18,0.53,1.15,5.9,0.998,93.96,1.7,-0.6,0.0,6.0,100,8338,93.98,5.9
24/07/2024 08:00,26.8,0.000,0,0,3,0.60,1.12,5.9,1.000,93.97,1.7,-0.6,0.0,6.2,100,8338,93.99,6.0
24/07/2024 08:30,50.4,0.000,0,0,195,0.60,1.76,5.9,1.000,93.98,1.7,-0.6,0.0,6.4,100,8338,94.00,6.2
24/07/2024 09:00,74.9,0.000,0,0,194,0.74,1.66,5.9,1.000,94.00,1.7,-0.7,0.0,6.6,100,8336,94.01,6.4
24/07/2024 09:30,122.2,0.000,0,0,200,0.62,1.59,5.8,0.999,94.01,1.7,-0.6,0.0,6.8,100,8339,94.03,6.7
24/07/2024 10:00,127.5,0.000,0,0,205,0.81,1.92,5.8,0.999,94.02,1.7,-0.7,0.0,7.1,100,8346,94.04,7.0
24/07/2024 10:30,175.8,0.000,0,0,217,0.63,2.04,5.6,1.000,94.01,1.7,-0.6,0.0,7.3,100,8355,94.04,7.2
24/07/2024 11:00,321.7,0.000,0,0,193,0.96,2.95,5.7,1.000,94.02,1.7,-0.5,0.0,8.5,100,8378,94.05,8.2
24/07/2024 11:30,385.2,0.000,0,0,214,0.82,2.12,5.9,0.999,94.03,1.7,-0.7,0.0,9.5,100,8406,94.07,9.4
24/07/2024 12:00,519.0,0.000,0,0,211,0.81,2.41,6.3,0.994,94.02,1.7,-0.6,0.0,10.8,100,8438,94.07,10.9
24/07/2024 12:30,561.7,0.000,0,0,202,1.45,3.32,6.3,0.999,94.04,1.8,-0.7,0.0,11.4,100,8467,94.09,12.1
24/07/2024 13:00,521.6,0.000,0,0,207,1.20,2.83,6.9,0.997,94.04,1.7,-0.6,0.0,11.3,100,8496,94.09,12.6
24/07/2024 13:30,716.7,0.000,0,0,217,1.13,3.97,7.8,1.000,94.03,1.8,-0.6,0.0,13.1,100,8545,94.10,13.9
24/07/2024 14:00,772.2,0.000,0,0,214,1.55,4.19,8.2,0.980,94.03,1.8,-0.6,0.0,14.3,100,8577,94.09,15.5
24/07/2024 14:30,781.4,0.000,0,0,214,1.83,4.03,8.5,0.952,94.04,1.9,-0.6,0.0,14.4,100,8598,94.10,16.3
24/07/2024 15:00,824.8,0.000,0,0,222,1.71,5.28,8.9,0.905,94.04,1.8,-0.5,0.0,14.2,100,8611,94.09,16.5
24/07/2024 15:30,752.9,0.000,0,0,231,2.04,5.92,8.9,0.870,94.05,1.9,-0.7,0.0,14.0,100,8620,94.09,16.5
24/07/2024 16:00,579.6,0.000,0,0,230,2.53,5.96,8.9,0.853,94.06,1.6,-0.8,0.0,13.2,100,8602,94.10,16.0
24/07/2024 16:30,535.3,0.000,0,0,214,2.82,6.01,8.6,0.842,94.07,1.6,-0.5,0.0,11.8,100,8603,94.10,14.3
24/07/2024 17:00,656.3,0.000,0,0,218,2.48,5.75,9.1,0.823,94.08,1.8,-0.7,0.0,12.3,100,8608,94.11,14.3
24/07/2024 17:30,371.9,0.000,0,0,215,2.30,4.86,8.5,0.837,94.09,1.7,-0.6,0.0,11.7,100,8598,94.11,13.7
24/07/2024 18:00,444.0,0.000,0,0,228,1.91,4.79,8.7,0.840,94.10,1.7,-0.6,0.0,11.5,100,8600,94.12,13.1
24/07/2024 18:30,555.6,0.000,0,0,231,1.82,4.20,9.2,0.812,94.11,1.7,-0.7,0.0,12.4,100,8595,94.13,13.8
24/07/2024 19:00,583.3,0.000,0,0,221,2.11,6.06,9.3,0.806,94.11,1.7,-0.6,0.0,12.8,100,8589,94.13,14.1
24/07/2024 19:30,377.1,0.000,0,0,330,1.26,3.92,9.6,0.811,94.13,1.8,-0.5,0.0,12.9,100,8578,94.15,14.1
24/07/2024 20:00,422.8,0.000,0,0,315,1.60,4.34,9.7,0.786,94.13,1.7,-0.6,0.0,12.7,100,8564,94.15,13.7
24/07/2024 20:30,347.2,0.000,0,0,337,1.34,4.14,9.9,0.775,94.16,1.8,-0.6,0.0,13.1,100,8551,94.17,13.9
24/07/2024 21:00,225.4,0.000,0,0,215,1.53,4.59,9.6,0.755,94.18,1.8,-0.6,0.0,12.6,100,8536,94.19,13.5
24/07/2024 21:30,202.0,0.000,0,0,239,1.53,5.02,9.5,0.753,94.20,1.7,-0.8,0.0,11.6,100,8526,94.21,12.5
24/07/2024 22:00,60.2,0.000,0,0,222,1.52,3.98,8.8,0.764,94.21,1.8,-0.7,0.0,10.1,100,8515,94.21,10.9
24/07/2024 22:30,62.0,0.000,0,0,16,0.98,2.79,8.6,0.777,94.23,1.7,-0.7,0.0,9.1,100,8505,94.24,9.5
24/07/2024 23:00,26.5,0.000,0,0,22,1.23,3.54,8.3,0.790,94.26,1.7,-0.6,0.0,8.6,100,8502,94.26,8.9
24/07/2024 23:30,12.3,0.000,0,0,11,1.23,2.18,8.2,0.802,94.28,1.7,-0.7,0.0,8.4,100,8494,94.28,8.5
25/07/2024 00:00,2.5,0.000,0,0,12,0.68,1.85,8.1,0.801,94.29,1.8,-0.7,0.0,8.2,100,8491,94.29,8.2
25/07/2024 00:30,0.0,0.000,0,0,14,1.08,2.76,7.8,0.816,94.28,1.8,-0.7,0.0,8.0,100,8441,94.28,8.2
25/07/2024 01:00,0.0,0.000,0,0,16,1.34,2.34,7.5,0.828,94.28,1.7,-0.7,0.0,7.6,100,8439,94.28,7.8
25/07/2024 01:30,0.0,0.000,0,0,314,0.79,1.85,7.4,0.833,94.28,1.7,-0.6,0.0,7.4,100,8443,94.28,7.4
25/07/2024 02:00,0.0,0.000,0,0,17,0.63,1.81,7.2,0.836,94.28,1.7,-0.7,0.0,7.0,100,8443,94.28,7.0
25/07/2024 02:30,0.0,0.000,0,0,11,0.93,2.57,7.1,0.839,94.27,1.7,-0.6,0.0,7.0,100,8440,94.27,6.9
25/07/2024 03:00,0.0,0.000,0,0,17,1.41,2.83,7.2,0.841,94.26,1.7,-0.6,0.0,7.0,100,8437,94.26,6.8
25/07/2024 03:30,0.0,0.000,0,0,12,0.40,1.14,7.1,0.848,94.26,1.7,-0.6,0.0,7.0,100,8434,94.26,6.7
25/07/2024 04:00,0.0,0.000,0,0,11,0.89,2.11,7.0,0.843,94.26,1.7,-0.6,0.0,7.0,100,8435,94.26,6.7
25/07/2024 04:30,0.0,0.000,0,0,18,1.02,2.03,6.8,0.848,94.24,1.7,-0.6,0.0,6.9,100,8431,94.24,6.6
25/07/2024 05:00,0.0,0.000,0,0,16,1.17,1.87,6.5,0.857,94.23,1.7,-0.7,0.0,6.4,100,8427,94.23,6.1
25/07/2024 05:30,0.0,0.000,0,0,27,0.58,1.75,6.5,0.861,94.22,1.8,-0.7,0.0,6.3,100,8425,94.22,5.9
25/07/2024 06:00,0.0,0.000,0,0,0,0.41,0.84,6.3,0.864,94.22,1.7,-0.7,0.0,6.1,100,8424,94.22,5.7
25/07/2024 06:30,1.9,0.000,0,0,155,0.43,2.47,6.4,0.870,94.22,1.7,-0.6,0.0,6.0,100,8421,94.22,5.5
25/07/2024 07:00,6.4,0.000,0,0,10,1.04,2.50,6.1,0.895,94.22,1.7,-0.7,0.0,6.1,100,8420,94.22,5.6
25/07/2024 07:30,14.7,0.000,0,0,71,0.61,1.65,6.1,0.881,94.25,1.7,-0.6,0.0,6.0,100,8417,94.25,5.5
25/07/2024 08:00,40.6,0.000,0,0,24,0.73,1.90,6.1,0.891,94.25,1.7,-0.7,0.0,6.0,100,8415,94.25,5.4
25/07/2024 08:30,47.6,0.000,0,0,118,0.69,2.34,6.2,0.899,94.27,1.7,-0.6,0.0,6.3,100,8414,94.28,5.7
25/07/2024 09:00,171.3,0.000,0,0,165,0.71,1.75,6.6,0.915,94.26,1.7,-0.6,0.0,7.8,100,8430,94.28,6.9
25/07/2024 09:30,251.2,0.000,0,0,4,0.76,1.55,7.0,0.917,94.27,1.8,-0.7,0.0,10.1,100,8445,94.30,8.9
25/07/2024 10:00,246.2,0.000,0,0,188,1.77,4.18,6.8,0.911,94.29,1.7,-0.7,0.0,10.0,100,8462,94.31,9.3
25/07/2024 10:30,332.3,0.000,0,0,210,1.76,3.27,7.0,0.906,94.30,1.7,-0.8,0.0,10.3,100,8480,94.33,9.9
25/07/2024 11:00,351.4,0.000,0,0,237,1.13,2.75,7.6,0.885,94.34,1.9,-0.7,0.0,10.9,100,8513,94.37,10.5
25/07/2024 11:30,468.0,0.000,0,0,20,1.12,3.05,8.1,0.878,94.35,1.8,-0.7,0.0,13.2,100,8547,94.40,12.6
25/07/2024 12:00,533.8,0.000,0,0,7,1.26,2.44,8.0,0.865,94.38,1.9,-0.8,0.0,13.4,100,8570,94.43,13.5
25/07/2024 12:30,620.1,0.000,0,0,354,1.17,2.76,8.6,0.836,94.41,1.8,-0.6,0.0,14.3,100,8595,94.46,14.8
25/07/2024 13:00,623.4,0.000,0,0,10,1.57,2.88,8.4,0.830,94.42,1.8,-0.5,0.0,14.4,100,8603,94.47,15.7
25/07/2024 13:30,528.8,0.000,0,0,8,1.17,2.28,8.8,0.810,94.48,1.8,-0.7,0.0,13.5,100,8592,94.51,15.9
25/07/2024 14:00,257.9,0.000,0,0,7,1.56,3.11,8.4,0.822,94.48,1.9,-0.8,0.0,11.9,100,8567,94.49,14.4
25/07/2024 14:30,193.6,0.000,0,0,5,1.08,2.26,7.8,0.846,94.47,1.7,-0.6,0.0,9.8,100,8562,94.48,11.9
25/07/2024 15:00,408.2,0.000,0,0,8,1.32,2.73,7.8,0.892,94.48,1.9,-0.7,0.0,10.3,100,8574,94.50,11.8
25/07/2024 15:30,0.0,0.000,0,0,0,0.00,0.00,0.0,0.000,0.00,0.0,0.0,0.0,0.0,100,8552,94.61,14.2
25/07/2024 16:00,0.0,0.000,0,0,0,0.00,0.00,0.0,0.000,0.00,0.0,0.0,0.0,0.0,100,8535,94.62,15.4
25/07/2024 16:30,0.0,0.000,0,0,0,0.00,0.00,0.0,0.000,0.00,0.0,0.0,0.0,0.0,100,8524,94.62,15.8
25/07/2024 17:00,0.0,0.000,0,0,0,0.00,0.00,0.0,0.000,0.00,0.0,0.0,0.0,0.0,100,8513,94.62,15.7
25/07/2024 17:30,0.0,0.000,0,0,0,0.00,0.00,0.0,0.000,0.00,0.0,0.0,0.0,0.0,100,8503,94.63,15.4
25/07/2024 18:00,0.0,0.000,0,0,0,0.00,0.00,0.0,0.000,0.00,0.0,0.0,0.0,0.0,100,8494,94.61,15.0
25/07/2024 18:30,0.0,0.000,0,0,0,0.00,0.00,0.0,0.000,0.00,0.0,0.0,0.0,0.0,100,8485,94.60,14.7
25/07/2024 19:00,0.0,0.000,0,0,0,0.00,0.00,0.0,0.000,0.00,0.0,0.0,0.0,0.0,100,8476,94.60,14.4
25/07/2024 19:30,0.0,0.000,0,0,0,0.00,0.00,0.0,0.000,0.00,0.0,0.0,0.0,0.0,100,8471,94.61,14.0
25/07/2024 20:00,0.0,0.000,0,0,0,0.00,0.00,0.0,0.000,0.00,0.0,0.0,0.0,0.0,100,8464,94.62,13.8
25/07/2024 20:30,0.0,0.000,0,0,0,0.00,0.00,0.0,0.000,0.00,0.0,0.0,0.0,0.0,100,8459,94.62,13.5
25/07/2024 21:00,0.0,0.000,0,0,0,0.00,0.00,0.0,0.000,0.00,0.0,0.0,0.0,0.0,100,8453,94.61,13.2
25/07/2024 21:30,0.0,0.000,0,0,0,0.00,0.00,0.0,0.000,0.00,0.0,0.0,0.0,0.0,100,8449,94.60,13.0
25/07/2024 22:00,0.0,0.000,0,0,0,0.00,0.00,0.0,0.000,0.00,0.0,0.0,0.0,0.0,100,8444,94.60,12.8
25/07/2024 22:30,0.0,0.000,0,0,0,0.00,0.00,0.0,0.000,0.00,0.0,0.0,0.0,0.0,100,8438,94.59,12.7
25/07/2024 23:00,0.0,0.000,0,0,0,0.00,0.00,0.0,0.000,0.00,0.0,0.0,0.0,0.0,100,8434,94.58,12.5
25/07/2024 23:30,0.0,0.000,0,0,0,0.00,0.00,0.0,0.000,0.00,0.0,0.0,0.0,0.0,100,8432,94.57,12.3
26/07/2024 00:00,0.0,0.000,0,0,0,0.00,0.00,0.0,0.000,0.00,0.0,0.0,0.0,0.0,100,8425,94.54,12.0
26/07/2024 00:30,0.0,0.000,0,0,0,0.00,0.00,0.0,0.000,0.00,0.0,0.0,0.0,0.0,100,8409,94.51,11.9
26/07/2024 01:00,0.0,0.000,0,0,0,0.00,0.00,0.0,0.000,0.00,0.0,0.0,0.0,0.0,100,8369,94.49,11.8
26/07/2024 01:30,0.0,0.000,0,0,0,0.00,0.00,0.0,0.000,0.00,0.0,0.0,0.0,0.0,100,8376,94.45,11.3
26/07/2024 02:00,0.0,0.000,0,0,0,0.00,0.00,0.0,0.000,0.00,0.0,0.0,0.0,0.0,100,8375,94.42,10.9
26/07/2024 02:30,0.0,0.000,0,0,0,0.00,0.00,0.0,0.000,0.00,0.0,0.0,0.0,0.0,100,8375,94.41,10.7
26/07/2024 03:00,0.0,0.000,0,0,0,0.00,0.00,0.0,0.000,0.00,0.0,0.0,0.0,0.0,100,8373,94.38,10.5
26/07/2024 03:30,0.0,0.000,0,0,0,0.00,0.00,0.0,0.000,0.00,0.0,0.0,0.0,0.0,100,8370,94.36,10.4
26/07/2024 04:00,0.0,0.000,0,0,0,0.00,0.00,0.0,0.000,0.00,0.0,0.0,0.0,0.0,100,8370,94.32,10.2
26/07/2024 04:30,0.0,0.000,0,0,0,0.00,0.00,0.0,0.000,0.00,0.0,0.0,0.0,0.0,100,8369,94.31,10.1
26/07/2024 05:00,0.0,0.000,0,0,0,0.00,0.00,0.0,0.000,0.00,0.0,0.0,0.0,0.0,100,8367,94.30,10.0
26/07/2024 05:30,0.0,0.000,0,0,0,0.00,0.00,0.0,0.000,0.00,0.0,0.0,0.0,0.0,100,8367,94.25,9.9
26/07/2024 06:00,0.0,0.000,0,0,0,0.00,0.00,0.0,0.000,0.00,0.0,0.0,0.0,0.0,100,8364,94.24,9.7
26/07/2024 06:30,0.0,0.000,0,0,0,0.00,0.00,0.0,0.000,0.00,0.0,0.0,0.0,0.0,100,8362,94.22,9.4
26/07/2024 07:00,0.0,0.000,0,0,0,0.00,0.00,0.0,0.000,0.00,0.0,0.0,0.0,0.0,100,8361,94.25,9.1
26/07/2024 07:30,0.0,0.000,0,0,0,0.00,0.00,0.0,0.000,0.00,0.0,0.0,0.0,0.0,100,8362,94.27,8.8
26/07/2024 08:00,0.0,0.000,0,0,0,0.00,0.00,0.0,0.000,0.00,0.0,0.0,0.0,0.0,100,8360,94.29,8.4
26/07/2024 08:30,0.0,0.000,0,0,0,0.00,0.00,0.0,0.000,0.00,0.0,0.0,0.0,0.0,100,8358,94.29,8.1
26/07/2024 09:00,0.0,0.000,0,0,0,0.00,0.00,0.0,0.000,0.00,0.0,0.0,0.0,0.0,100,8354,94.29,7.8
26/07/2024 09:30,0.0,0.000,0,0,0,0.00,0.00,0.0,0.000,0.00,0.0,0.0,0.0,0.0,100,8354,94.30,7.7
26/07/2024 10:00,0.0,0.000,0,0,0,0.00,0.00,0.0,0.000,0.00,0.0,0.0,0.0,0.0,100,8355,94.31,7.6
26/07/2024 10:30,0.0,0.000,0,0,0,0.00,0.00,0.0,0.000,0.00,0.0,0.0,0.0,0.0,100,8352,94.33,7.7
26/07/2024 11:00,0.0,0.000,0,0,0,0.00,0.00,0.0,0.000,0.00,0.0,0.0,0.0,0.0,100,8349,94.33,7.8
26/07/2024 11:30,0.0,0.000,0,0,0,0.00,0.00,0.0,0.000,0.00,0.0,0.0,0.0,0.0,100,8352,94.34,7.9
26/07/2024 12:00,0.0,0.000,0,0,0,0.00,0.00,0.0,0.000,0.00,0.0,0.0,0.0,0.0,100,8349,94.35,7.9
26/07/2024 12:30,0.0,0.000,0,0,0,0.00,0.00,0.0,0.000,0.00,0.0,0.0,0.0,0.0,100,8348,94.33,7.9
26/07/2024 13:00,0.0,0.000,0,0,0,0.00,0.00,0.0,0.000,0.00,0.0,0.0,0.0,0.0,100,8346,94.33,8.0
26/07/2024 13:30,0.0,0.000,0,0,0,0.00,0.00,0.0,0.000,0.00,0.0,0.0,0.0,0.0,100,8346,94.31,8.1
26/07/2024 14:00,0.0,0.000,0,0,0,0.00,0.00,0.0,0.000,0.00,0.0,0.0,0.0,0.0,100,8346,94.28,8.4
26/07/2024 14:30,0.0,0.000,0,0,0,0.00,0.00,0.0,0.000,0.00,0.0,0.0,0.0,0.0,100,8344,94.27,8.8
26/07/2024 15:00,0.0,0.000,0,0,0,0.00,0.00,0.0,0.000,0.00,0.0,0.0,0.0,0.0,100,8346,94.25,9.5
26/07/2024 15:30,0.0,0.000,0,0,0,0.00,0.00,0.0,0.000,0.00,0.0,0.0,0.0,0.0,100,8346,94.24,10.2
26/07/2024 16:00,0.0,0.000,0,0,0,0.00,0.00,0.0,0.000,0.00,0.0,0.0,0.0,0.0,100,8345,94.23,11.1
26/07/2024 16:30,0.0,0.000,0,0,0,0.00,0.00,0.0,0.000,0.00,0.0,0.0,0.0,0.0,100,8342,94.22,12.4
26/07/2024 17:00,0.0,0.000,0,0,0,0.00,0.00,0.0,0.000,0.00,0.0,0.0,0.0,0.0,100,8343,95.25,13.4
26/07/2024 17:30,0.0,0.000,0,0,0,0.00,0.00,0.0,0.000,0.00,0.0,0.0,0.0,0.0,100,8340,99.95,13.5
26/07/2024 18:00,0.0,0.000,0,0,0,0.00,0.00,0.0,0.000,0.00,0.0,0.0,0.0,0.0,100,8340,99.93,13.3
26/07/2024 18:30,0.0,0.000,0,0,0,0.00,0.00,0.0,0.000,0.00,0.0,0.0,0.0,0.0,100,8338,99.90,13.2
26/07/2024 19:00,0.0,0.000,0,0,0,0.00,0.00,0.0,0.000,0.00,0.0,0.0,0.0,0.0,100,8335,99.87,13.0
26/07/2024 19:30,0.0,0.000,0,0,0,0.00,0.00,0.0,0.000,0.00,0.0,0.0,0.0,0.0,100,8334,99.83,13.2
26/07/2024 20:00,0.0,0.000,0,0,0,0.00,0.00,0.0,0.000,0.00,0.0,0.0,0.0,0.0,100,8334,99.84,13.8
26/07/2024 20:30,0.0,0.000,0,0,0,0.00,0.00,0.0,0.000,0.00,0.0,0.0,0.0,0.0,100,8330,99.83,14.0
26/07/2024 21:00,0.0,0.000,0,0,0,0.00,0.00,0.0,0.000,0.00,0.0,0.0,0.0,0.0,100,8331,99.81,13.6
26/07/2024 21:30,0.0,0.000,0,0,0,0.00,0.00,0.0,0.000,0.00,0.0,0.0,0.0,0.0,100,8328,99.80,13.2
26/07/2024 22:00,0.0,0.000,0,0,0,0.00,0.00,0.0,0.000,0.00,0.0,0.0,0.0,0.0,100,8327,99.79,12.9
26/07/2024 22:30,0.0,0.000,0,0,0,0.00,0.00,0.0,0.000,0.00,0.0,0.0,0.0,0.0,100,8324,99.79,12.5
26/07/2024 23:00,0.0,0.000,0,0,0,0.00,0.00,0.0,0.000,0.00,0.0,0.0,0.0,0.0,100,8323,99.80,12.1
26/07/2024 23:30,0.0,0.000,0,0,0,0.00,0.00,0.0,0.000,0.00,0.0,0.0,0.0,0.0,100,8321,99.80,11.4
27/07/2024 00:00,0.0,0.000,0,0,0,0.00,0.00,0.0,0.000,0.00,0.0,0.0,0.0,0.0,100,8320,99.81,10.8
27/07/2024 00:30,0.0,0.000,0,0,0,0.00,0.00,0.0,0.000,0.00,0.0,0.0,0.0,0.0,100,8245,99.81,10.4
27/07/2024 01:00,0.0,0.000,0,0,0,0.00,0.00,0.0,0.000,0.00,0.0,0.0,0.0,0.0,100,8271,99.79,10.0
27/07/2024 01:30,0.0,0.000,0,0,0,0.00,0.00,0.0,0.000,0.00,0.0,0.0,0.0,0.0,100,8275,99.77,9.1
27/07/2024 02:00,0.0,0.000,0,0,0,0.00,0.00,0.0,0.000,0.00,0.0,0.0,0.0,0.0,100,8273,99.76,8.4
27/07/2024 02:30,0.0,0.000,0,0,0,0.00,0.00,0.0,0.000,0.00,0.0,0.0,0.0,0.0,100,8275,99.75,7.8
27/07/2024 03:00,0.0,0.000,0,0,0,0.00,0.00,0.0,0.000,0.00,0.0,0.0,0.0,0.0,100,8275,99.75,7.2
27/07/2024 03:30,0.0,0.000,0,0,0,0.00,0.00,0.0,0.000,0.00,0.0,0.0,0.0,0.0,100,8274,99.74,6.8
27/07/2024 04:00,0.0,0.000,0,0,0,0.00,0.00,0.0,0.000,0.00,0.0,0.0,0.0,0.0,100,8274,99.74,6.4
27/07/2024 04:30,0.0,0.000,0,0,0,0.00,0.00,0.0,0.000,0.00,0.0,0.0,0.0,0.0,100,8270,99.76,6.0
27/07/2024 05:00,0.0,0.000,0,0,0,0.00,0.00,0.0,0.000,0.00,0.0,0.0,0.0,0.0,100,8272,99.75,5.7
27/07/2024 05:30,0.0,0.000,0,0,0,0.00,0.00,0.0,0.000,0.00,0.0,0.0,0.0,0.0,100,8273,99.75,5.6
27/07/2024 06:00,0.0,0.000,0,0,0,0.00,0.00,0.0,0.000,0.00,0.0,0.0,0.0,0.0,100,8274,99.74,5.4
27/07/2024 06:30,0.0,0.000,0,0,0,0.00,0.00,0.0,0.000,0.00,0.0,0.0,0.0,0.0,100,8271,99.75,5.2
27/07/2024 07:00,0.0,0.000,0,0,0,0.00,0.00,0.0,0.000,0.00,0.0,0.0,0.0,0.0,100,8272,99.76,5.1
27/07/2024 07:30,0.0,0.000,0,0,0,0.00,0.00,0.0,0.000,0.00,0.0,0.0,0.0,0.0,100,8271,99.76,4.9
27/07/2024 08:00,0.0,0.000,0,0,0,0.00,0.00,0.0,0.000,0.00,0.0,0.0,0.0,0.0,100,8269,99.76,4.6
27/07/2024 08:30,0.0,0.000,0,0,0,0.00,0.00,0.0,0.000,0.00,0.0,0.0,0.0,0.0,100,8268,99.76,4.4
27/07/2024 09:00,0.0,0.000,0,0,0,0.00,0.00,0.0,0.000,0.00,0.0,0.0,0.0,0.0,100,8270,99.75,4.1
27/07/2024 09:30,0.0,0.000,0,0,0,0.00,0.00,0.0,0.000,0.00,0.0,0.0,0.0,0.0,100,8267,99.72,3.9
27/07/2024 10:00,0.0,0.000,0,0,0,0.00,0.00,0.0,0.000,0.00,0.0,0.0,0.0,0.0,100,8265,99.71,3.6
27/07/2024 10:30,0.0,0.000,0,0,0,0.00,0.00,0.0,0.000,0.00,0.0,0.0,0.0,0.0,100,8266,99.69,3.6
27/07/2024 11:00,0.0,0.000,0,0,0,0.00,0.00,0.0,0.000,0.00,0.0,0.0,0.0,0.0,100,8267,99.66,3.5
27/07/2024 11:30,0.0,0.000,0,0,0,0.00,0.00,0.0,0.000,0.00,0.0,0.0,0.0,0.0,100,8267,99.63,3.6
27/07/2024 12:00,0.0,0.000,0,0,0,0.00,0.00,0.0,0.000,0.00,0.0,0.0,0.0,0.0,100,8264,99.60,3.6
27/07/2024 12:30,0.0,0.000,0,0,0,0.00,0.00,0.0,0.000,0.00,0.0,0.0,0.0,0.0,100,8266,99.59,3.6
27/07/2024 13:00,0.0,0.000,0,0,0,0.00,0.00,0.0,0.000,0.00,0.0,0.0,0.0,0.0,100,8264,99.56,3.5
27/07/2024 13:30,0.0,0.000,0,0,0,0.00,0.00,0.0,0.000,0.00,0.0,0.0,0.0,0.0,100,8265,99.52,3.4
27/07/2024 14:00,0.0,0.000,0,0,0,0.00,0.00,0.0,0.000,0.00,0.0,0.0,0.0,0.0,100,8265,99.49,3.3
27/07/2024 14:30,0.0,0.000,0,0,0,0.00,0.00,0.0,0.000,0.00,0.0,0.0,0.0,0.0,100,8263,99.45,3.5
27/07/2024 15:00,0.0,0.000,0,0,0,0.00,0.00,0.0,0.000,0.00,0.0,0.0,0.0,0.0,100,8266,99.42,3.8
27/07/2024 15:30,0.0,0.000,0,0,0,0.00,0.00,0.0,0.000,0.00,0.0,0.0,0.0,0.0,100,8266,99.40,4.3
27/07/2024 16:00,0.0,0.000,0,0,0,0.00,0.00,0.0,0.000,0.00,0.0,0.0,0.0,0.0,100,8264,99.40,4.8
27/07/2024 16:30,0.0,0.000,0,0,0,0.00,0.00,0.0,0.000,0.00,0.0,0.0,0.0,0.0,100,8264,99.38,5.0
27/07/2024 17:00,0.0,0.000,0,0,0,0.00,0.00,0.0,0.000,0.00,0.0,0.0,0.0,0.0,100,8263,99.38,5.3
27/07/2024 17:30,0.0,0.000,0,0,0,0.00,0.00,0.0,0.000,0.00,0.0,0.0,0.0,0.0,100,8267,99.39,5.8
27/07/2024 18:00,0.0,0.000,0,0,0,0.00,0.00,0.0,0.000,0.00,0.0,0.0,0.0,0.0,100,8264,99.40,6.2
27/07/2024 18:30,0.0,0.000,0,0,0,0.00,0.00,0.0,0.000,0.00,0.0,0.0,0.0,0.0,100,8266,99.42,6.6
27/07/2024 19:00,0.0,0.000,0,0,0,0.00,0.00,0.0,0.000,0.00,0.0,0.0,0.0,0.0,100,8264,99.44,6.9
27/07/2024 19:30,0.0,0.000,0,0,0,0.00,0.00,0.0,0.000,0.00,0.0,0.0,0.0,0.0,100,8265,99.47,7.1
27/07/2024 20:00,0.0,0.000,0,0,0,0.00,0.00,0.0,0.000,0.00,0.0,0.0,0.0,0.0,100,8265,99.45,7.0
27/07/2024 20:30,0.0,0.000,0,0,0,0.00,0.00,0.0,0.000,0.00,0.0,0.0,0.0,0.0,100,8263,99.44,7.1
27/07/2024 21:00,0.0,0.000,0,0,0,0.00,0.00,0.0,0.000,0.00,0.0,0.0,0.0,0.0,100,8266,99.44,7.3
27/07/2024 21:30,0.0,0.000,0,0,0,0.00,0.00,0.0,0.000,0.00,0.0,0.0,0.0,0.0,100,8265,99.44,7.5
27/07/2024 22:00,0.0,0.000,0,0,0,0.00,0.00,0.0,0.000,0.00,0.0,0.0,0.0,0.0,100,8263,99.43,7.9
27/07/2024 22:30,0.0,0.000,0,0,0,0.00,0.00,0.0,0.000,0.00,0.0,0.0,0.0,0.0,100,8263,99.45,8.0
27/07/2024 23:00,0.0,0.000,0,0,0,0.00,0.00,0.0,0.000,0.00,0.0,0.0,0.0,0.0,100,8263,99.44,8.0
27/07/2024 23:30,0.0,0.000,0,0,0,0.00,0.00,0.0,0.000,0.00,0.0,0.0,0.0,0.0,100,8263,99.45,7.9
28/07/2024 00:00,0.0,0.000,0,0,0,0.00,0.00,0.0,0.000,0.00,0.0,0.0,0.0,0.0,100,8263,99.44,7.7
28/07/2024 00:30,0.0,0.000,0,0,0,0.00,0.00,0.0,0.000,0.00,0.0,0.0,0.0,0.0,100,8239,99.44,7.8
28/07/2024 01:00,0.0,0.000,0,0,0,0.00,0.00,0.0,0.000,0.00,0.0,0.0,0.0,0.0,100,8245,99.46,7.5
28/07/2024 01:30,0.0,0.000,0,0,0,0.00,0.00,0.0,0.000,0.00,0.0,0.0,0.0,0.0,100,8229,99.47,7.6
28/07/2024 02:00,0.0,0.000,0,0,0,0.00,0.00,0.0,0.000,0.00,0.0,0.0,0.0,0.0,100,8232,99.47,7.3
28/07/2024 02:30,0.0,0.000,0,0,0,0.00,0.00,0.0,0.000,0.00,0.0,0.0,0.0,0.0,100,8232,99.47,7.1
28/07/2024 03:00,0.0,0.000,0,0,0,0.00,0.00,0.0,0.000,0.00,0.0,0.0,0.0,0.0,100,8232,99.47,6.8
28/07/2024 03:30,0.0,0.000,0,0,0,0.00,0.00,0.0,0.000,0.00,0.0,0.0,0.0,0.0,100,8232,99.48,6.6
28/07/2024 04:00,0.0,0.000,0,0,0,0.00,0.00,0.0,0.000,0.00,0.0,0.0,0.0,0.0,100,8234,99.49,6.5
28/07/2024 04:30,0.0,0.000,0,0,0,0.00,0.00,0.0,0.000,0.00,0.0,0.0,0.0,0.0,100,8232,99.49,6.4
28/07/2024 05:00,0.0,0.000,0,0,0,0.00,0.00,0.0,0.000,0.00,0.0,0.0,0.0,0.0,100,8232,99.49,6.3
28/07/2024 05:30,0.0,0.000,0,0,0,0.00,0.00,0.0,0.000,0.00,0.0,0.0,0.0,0.0,100,8231,99.49,6.2
28/07/2024 06:00,0.0,0.000,0,0,0,0.00,0.00,0.0,0.000,0.00,0.0,0.0,0.0,0.0,100,8234,99.49,6.1
28/07/2024 06:30,0.0,0.000,0,0,0,0.00,0.00,0.0,0.000,0.00,0.0,0.0,0.0,0.0,100,8232,99.50,6.1
28/07/2024 07:00,0.0,0.000,0,0,0,0.00,0.00,0.0,0.000,0.00,0.0,0.0,0.0,0.0,100,8235,99.51,6.0
28/07/2024 07:30,0.0,0.000,0,0,0,0.00,0.00,0.0,0.000,0.00,0.0,0.0,0.0,0.0,100,8231,99.52,6.0
28/07/2024 08:00,0.0,0.000,0,0,0,0.00,0.00,0.0,0.000,0.00,0.0,0.0,0.0,0.0,100,8232,99.53,5.9
28/07/2024 08:30,0.0,0.000,0,0,0,0.00,0.00,0.0,0.000,0.00,0.0,0.0,0.0,0.0,100,8232,99.54,6.0
28/07/2024 09:00,0.0,0.000,0,0,0,0.00,0.00,0.0,0.000,0.00,0.0,0.0,0.0,0.0,100,8232,99.55,6.0
28/07/2024 09:30,0.0,0.000,0,0,0,0.00,0.00,0.0,0.000,0.00,0.0,0.0,0.0,0.0,100,8231,99.55,6.0
28/07/2024 10:00,0.0,0.000,0,0,0,0.00,0.00,0.0,0.000,0.00,0.0,0.0,0.0,0.0,100,8232,99.57,6.2
28/07/2024 10:30,0.0,0.000,0,0,0,0.00,0.00,0.0,0.000,0.00,0.0,0.0,0.0,0.0,100,8235,99.59,6.4
28/07/2024 11:00,0.0,0.000,0,0,0,0.00,0.00,0.0,0.000,0.00,0.0,0.0,0.0,0.0,100,8232,99.61,6.7
28/07/2024 11:30,0.0,0.000,0,0,0,0.00,0.00,0.0,0.000,0.00,0.0,0.0,0.0,0.0,100,8233,99.61,7.0
28/07/2024 12:00,0.0,0.000,0,0,0,0.00,0.00,0.0,0.000,0.00,0.0,0.0,0.0,0.0,100,8234,99.63,7.3
28/07/2024 12:30,0.0,0.000,0,0,0,0.00,0.00,0.0,0.000,0.00,0.0,0.0,0.0,0.0,100,8233,99.65,7.5
28/07/2024 13:00,0.0,0.000,0,0,0,0.00,0.00,0.0,0.000,0.00,0.0,0.0,0.0,0.0,100,8234,99.64,7.8
28/07/2024 13:30,0.0,0.000,0,0,0,0.00,0.00,0.0,0.000,0.00,0.0,0.0,0.0,0.0,100,8232,99.66,9.2
